titulo,autor,duracion,enlace
Renegades: Lord of Excess,Rich McCormick,Duración: 14 h y 17 m,https://www.audible.com/es_US/pd/Renegades-Lord-of-Excess-Audiolibro/B0CXBWMHBB
Where the Pieces Lie,JD Kirk,Duración: 11 h y 37 m,https://www.audible.com/es_US/pd/Where-the-Pieces-Lie-Audiolibro/B0CYCV6WCR
LastRock,Phil Tucker,Duración: 26 h y 3 m,https://www.audible.com/es_US/pd/LastRock-Audiolibro/B0CZPH9W7D
Onyx Storm,Rebecca Yarros,Duración: 14 h y 15 m,https://www.audible.com/es_US/pd/Onyx-Storm-Audiolibro/B0CZFKLZ9M
Bondsfungi,Sarah Lin,Duración: 9 h y 37 m,https://www.audible.com/es_US/pd/Bondsfungi-Audiolibro/B0CZY9L58G
The Path of Ascension 5,C. Mantis,Duración: 27 h y 35 m,https://www.audible.com/es_US/pd/The-Path-of-Ascension-5-Audiolibro/B0CYHKDFDQ
Hard Knocks,Nathan Lowell,Duración: 11 h y 35 m,https://www.audible.com/es_US/pd/Hard-Knocks-Audiolibro/B0CZ24GHPV
"Heretical Fishing 2: A Cozy Guide to Annoying the Cults, Outsmarting the Fish, and Alienating Oneself",Haylock Jobson,Duración: 25 h y 4 m,https://www.audible.com/es_US/pd/Heretical-Fishing-2-A-Cozy-Guide-to-Annoying-the-Cults-Outsmarting-the-Fish-and-Alienating-Oneself-Audiolibro/B0CZPKBY63
When the Moon Hatched,Sarah A. Parker,Duración: 18 h,https://www.audible.com/es_US/pd/When-the-Moon-Hatched-Audiolibro/B0CZPYM8Q4
After Z Part 5,J.S. Patrick,Duración: 7 h y 51 m,https://www.audible.com/es_US/pd/After-Z-Part-5-Audiolibro/B0CZY83TZM
Wild Love,Elsie Silver,Duración: 11 h y 26 m,https://www.audible.com/es_US/pd/Wild-Love-Audiolibro/B0CXYLQNQ4
Wind and Truth,Brandon Sanderson,Duración: 55 h,https://www.audible.com/es_US/pd/Wind-and-Truth-Audiolibro/B0CQ3759C3
"Assassinated King, Volume 1",Michael Plymel,Duración: 10 h y 16 m,https://www.audible.com/es_US/pd/Assassinated-King-Volume-1-Audiolibro/B0CZVJNBF7
Valdemar,Mercedes Lackey,Duración: 16 h y 58 m,https://www.audible.com/es_US/pd/Valdemar-Audiolibro/B0CXQZ2TRR
A Queen This Fierce and Deadly,Stacia Stark,Duración: 11 h y 7 m,https://www.audible.com/es_US/pd/A-Queen-This-Fierce-and-Deadly-Audiolibro/B0CYVX1XXH
Law,Neven Iliev,Duración: 10 h y 6 m,https://www.audible.com/es_US/pd/Law-Audiolibro/B0CYHK8SJT
Infinite Jest,David Foster Wallace,Duración: 64 h y 11 m,https://www.audible.com/es_US/pd/Infinite-Jest-Audiolibro/B0CZ4XD7HH
Swamp Spies,Jana DeLeon,Duración: Aún no se conoce,https://www.audible.com/es_US/pd/Swamp-Spies-Audiolibro/B0CWQLB46M
Biggest Rock,Lauren Blakely,Duración: 18 h y 25 m,https://www.audible.com/es_US/pd/Biggest-Rock-Audiolibro/B0CZ1CGQZQ
Iron Flame (Part 1 of 2) (Dramatized Adaptation),Rebecca Yarros,Duración: 11 h,https://www.audible.com/es_US/pd/Iron-Flame-Part-1-of-2-Dramatized-Adaptation-Audiolibro/B0CYJN13ZH
The Eternal Dungeon,Tracy Gregory,Duración: 10 h,https://www.audible.com/es_US/pd/The-Eternal-Dungeon-Audiolibro/B0CZVQGJZF
The Wanted,Jason Anspach,Duración: 13 h y 1 m,https://www.audible.com/es_US/pd/The-Wanted-Audiolibro/B0CX9SSQQ1
Raven: Part Two,Piper Scott,Duración: 9 h y 22 m,https://www.audible.com/es_US/pd/Raven-Part-Two-Audiolibro/B0CZV74PCS
The Songbird and the Heart of Stone,Carissa Broadbent,Duración: 15 h y 33 m,https://www.audible.com/es_US/pd/The-Songbird-and-the-Heart-of-Stone-Audiolibro/B0CXVBMW6Z
Capture or Kill,Vince Flynn,Duración: 9 h y 30 m,https://www.audible.com/es_US/pd/Capture-or-Kill-Audiolibro/B0CVJB15DK
Mark of the Fool 5,J.M. Clarke,Duración: 18 h y 30 m,https://www.audible.com/es_US/pd/Mark-of-the-Fool-5-Audiolibro/B0CXFHQGRL
Hell Divers XII: Heroes,Nicholas Sansbury Smith,Duración: 13 h y 30 m,https://www.audible.com/es_US/pd/Hell-Divers-XII-Heroes-Audiolibro/B0CT4KL2L2
Shadow of Doubt,Brad Thor,Duración: 11 h y 30 m,https://www.audible.com/es_US/pd/Shadow-of-Doubt-Audiolibro/B0CLGVYBPM
The Butcher Game,Alaina Urquhart,Duración: Aún no se conoce,https://www.audible.com/es_US/pd/The-Butcher-Game-Audiolibro/B0CY3Y92TC
The Perfect Fit,Sadie Kincaid,Duración: 10 h y 28 m,https://www.audible.com/es_US/pd/The-Perfect-Fit-Audiolibro/B0CZV4SFDD
Passions in Death,J. D. Robb,Duración: 12 h y 51 m,https://www.audible.com/es_US/pd/Passions-in-Death-Audiolibro/B0CW27MM2T
The Mirror,Nora Roberts,Duración: 14 h y 24 m,https://www.audible.com/es_US/pd/The-Mirror-Audiolibro/B0CWB2Z7XY
Now or Never,Janet Evanovich,Duración: 8 h,https://www.audible.com/es_US/pd/Now-or-Never-Audiolibro/B0CVHRR9FF
Constant Sorrow,J.N. Chaney,Duración: 10 h y 18 m,https://www.audible.com/es_US/pd/Constant-Sorrow-Audiolibro/B0CXQQVQ15
Spy School Goes Wild,Stuart Gibbs,Duración: 7 h,https://www.audible.com/es_US/pd/Spy-School-Goes-Wild-Audiolibro/B0CW3MVD4X
The Wealth Money Can't Buy,Robin Sharma,Duración: 8 h y 27 m,https://www.audible.com/es_US/pd/The-Wealth-Money-Cant-Buy-Audiolibro/B0CNKZ4MXM
The Witch of Webs,pirateaba,Duración: 47 h y 18 m,https://www.audible.com/es_US/pd/The-Witch-of-Webs-Audiolibro/B0CXFCNFKZ
World Undone,Sarah Lyons Fleming,Duración: 17 h,https://www.audible.com/es_US/pd/World-Undone-Audiolibro/B0CZ1W86J5
BuyMort: Bull Market Mayhem: How I Cornered the Multiversal Monopoly,Damien Hanson,Duración: 19 h y 8 m,https://www.audible.com/es_US/pd/BuyMort-Bull-Market-Mayhem-How-I-Cornered-the-Multiversal-Monopoly-Audiolibro/B0CXF9QW5H
Jake's Magical Market 3,J.R. Mathews,Duración: 35 h,https://www.audible.com/es_US/pd/Jakes-Magical-Market-3-Audiolibro/B0CX299KW4
Bits and Pieces,Whoopi Goldberg,Duración: 6 h,https://www.audible.com/es_US/pd/Bits-and-Pieces-Audiolibro/B0CMFSJMCJ
David Baldacci November 2024,David Baldacci,Duración: 12 h,https://www.audible.com/es_US/pd/David-Baldacci-November-2024-Audiolibro/B0CXKZ62SP
The Shattered Path,Edward W. Robertson,Duración: 18 h y 40 m,https://www.audible.com/es_US/pd/The-Shattered-Path-Audiolibro/B0CVQWX66S
Disquiet Gods,Christopher Ruocchio,Duración: 26 h y 15 m,https://www.audible.com/es_US/pd/Disquiet-Gods-Audiolibro/B0CVMJ3LC3
The Waiting,Michael Connelly,Duración: 12 h,https://www.audible.com/es_US/pd/The-Waiting-Audiolibro/B0CTKSZHZK
The Fetters of Fate,T.C. Edge,Duración: 45 h y 23 m,https://www.audible.com/es_US/pd/The-Fetters-of-Fate-Audiolibro/B0CWX12XH6
Point Nemo,Jeremy Robinson,Duración: 9 h y 31 m,https://www.audible.com/es_US/pd/Point-Nemo-Audiolibro/B0CQYY8CXJ
Star Wars: The High Republic: Escape from Valo,Daniel José Older,Duración: 6 h y 59 m,https://www.audible.com/es_US/pd/Star-Wars-The-High-Republic-Escape-from-Valo-Audiolibro/B0CZSMVDPJ
The Familiar,Leigh Bardugo,Duración: 12 h y 57 m,https://www.audible.com/es_US/pd/The-Familiar-Audiolibro/B0CCB6GP1Q
The New Menopause,Mary Claire Haver MD,Duración: 11 h,https://www.audible.com/es_US/pd/The-New-Menopause-Audiolibro/B0CKC5HXGQ
The Flame of the North,Alexey Osadchuk,Duración: 8 h y 2 m,https://www.audible.com/es_US/pd/The-Flame-of-the-North-Audiolibro/B0CYDVGVS8
Diary of a Wimpy Kid: Hot Mess,Jeff Kinney,Duración: 4 h y 45 m,https://www.audible.com/es_US/pd/Diary-of-a-Wimpy-Kid-Hot-Mess-Audiolibro/B0CV4MN44R
The Black Bird Oracle,Deborah Harkness,Duración: 17 h,https://www.audible.com/es_US/pd/The-Black-Bird-Oracle-Audiolibro/B0CPYZ6RPY
Where's Molly,H. D. Carlton,Duración: 5 h y 58 m,https://www.audible.com/es_US/pd/Wheres-Molly-Audiolibro/B0CYHQ4MQ2
The Thief,Dannika Dark,Duración: 10 h y 35 m,https://www.audible.com/es_US/pd/The-Thief-Audiolibro/B0CVMKHT2N
Red Sky Mourning,Jack Carr,Duración: 15 h y 30 m,https://www.audible.com/es_US/pd/Red-Sky-Mourning-Audiolibro/B0CLGVVKS4
You Like It Darker,Stephen King,Duración: 20 h,https://www.audible.com/es_US/pd/You-Like-It-Darker-Audiolibro/B0CMF7YJL9
Warring Insanity,KamikazePotato,Duración: 23 h y 14 m,https://www.audible.com/es_US/pd/Warring-Insanity-Audiolibro/B0CZPM8L1G
Recon,Craig Alanson,Duración: 17 h y 53 m,https://www.audible.com/es_US/pd/Recon-Audiolibro/B0CTWKVSHM
Magdalene Nox,Milena McKay,Duración: 13 h y 12 m,https://www.audible.com/es_US/pd/Magdalene-Nox-Audiolibro/B0CYF36Z3L
Bridesmaid for Hire,Meghan Quinn,Duración: 13 h y 47 m,https://www.audible.com/es_US/pd/Bridesmaid-for-Hire-Audiolibro/B0CX5X61KP
"10 Guided Meditations for Deep Sleep, Anxiety, Insomnia & Relaxation Transform Your Life by Defeating Social Anxiety, Overthinking, Panic Attacks & Depression with Guided Imagery & Hypnosis",Harmony Meditations,Duración: 10 h y 26 m,https://www.audible.com/es_US/pd/10-Guided-Meditations-for-Deep-Sleep-Anxiety-Insomnia-Relaxation-Transform-Your-Life-by-Defeating-Social-Anxiety-Overthinking-Panic-Attacks-Depression-with-Guided-Imagery-Hypnosis-Audiolibro/B0CZSTP7M5
In Too Deep,Lee Child,Duración: 10 h,https://www.audible.com/es_US/pd/In-Too-Deep-Audiolibro/B0CRCHD41B
Whistleblower,Jen Lyon,Duración: 13 h y 50 m,https://www.audible.com/es_US/pd/Whistleblower-Audiolibro/B0CZFHLCZN
Implacable Resolve,J.N. Chaney,Duración: 8 h y 45 m,https://www.audible.com/es_US/pd/Implacable-Resolve-Audiolibro/B0CZM1MX3C
Day Trading Attention,Gary Vaynerchuk,Duración: 7 h y 45 m,https://www.audible.com/es_US/pd/Day-Trading-Attention-Audiolibro/B0CLLLG4M3
Amelia the Level Zero Hero 3: A LitRPG Adventure,V.A. Lewis,Duración: 11 h y 5 m,https://www.audible.com/es_US/pd/Amelia-the-Level-Zero-Hero-3-A-LitRPG-Adventure-Audiolibro/B0CYHNXR3T
Not Till We Are Lost,Dennis E. Taylor,Duración: 11 h y 41 m,https://www.audible.com/es_US/pd/Not-Till-We-Are-Lost-Audiolibro/B0CW23CC7L
Az Üzlet Öröme [Joy of Business],Simone Milasas,Duración: 4 h y 49 m,https://www.audible.com/es_US/pd/Az-Uezlet-Oeroeme-Joy-of-Business-Audiolibro/B0CZVDYB55
We Who Wrestle with God,Jordan B. Peterson,Duración: 13 h,https://www.audible.com/es_US/pd/We-Who-Wrestle-with-God-Audiolibro/B0CV4C27HC
"Overlord, Vol. 12",Kugane Maruyama,Duración: 9 h y 6 m,https://www.audible.com/es_US/pd/Overlord-Vol-12-Audiolibro/B0CYRCRCKQ
"Reborn: Apocalypse, Volume 4",L M Kerr,Duración: 22 h y 33 m,https://www.audible.com/es_US/pd/Reborn-Apocalypse-Volume-4-Audiolibro/B0CXQ8FXY4
Wild River,Laura Pavlov,Duración: 8 h y 53 m,https://www.audible.com/es_US/pd/Wild-River-Audiolibro/B0CXTRBBRT
Magic Slays (Dramatized Adaptation),Ilona Andrews,Duración: 10 h y 35 m,https://www.audible.com/es_US/pd/Magic-Slays-Dramatized-Adaptation-Audiolibro/B0CZ7MMQGG
The Ambitious Lives of Evan Sanderson,Shawn Inmon,Duración: 10 h y 49 m,https://www.audible.com/es_US/pd/The-Ambitious-Lives-of-Evan-Sanderson-Audiolibro/B0CZ1CMN65
The City and Its Uncertain Walls,Haruki Murakami,Duración: 15 h,https://www.audible.com/es_US/pd/The-City-and-Its-Uncertain-Walls-Audiolibro/B0CWWDR4PK
Threads of Fate,Luke Chmilenko,Duración: 21 h y 40 m,https://www.audible.com/es_US/pd/Threads-of-Fate-Audiolibro/B0CTKYV8F8
Blood Knight,Edie Skye,Duración: 10 h y 7 m,https://www.audible.com/es_US/pd/Blood-Knight-Audiolibro/B0CYTYD9Q7
We Solve Murders,Richard Osman,Duración: 14 h,https://www.audible.com/es_US/pd/We-Solve-Murders-Audiolibro/B0CQMJZ75J
Tapped,Brynne Asher,Duración: 10 h y 54 m,https://www.audible.com/es_US/pd/Tapped-Audiolibro/B0CZQ52N2R
All the Skills 4: A Deck-Building LitRPG,Honour Rae,Duración: 14 h y 26 m,https://www.audible.com/es_US/pd/All-the-Skills-4-A-Deck-Building-LitRPG-Audiolibro/B0CXFBTCBV
Own Me,K. A. Tucker,Duración: 9 h y 23 m,https://www.audible.com/es_US/pd/Own-Me-Audiolibro/B0CX2P5WTL
This Is Why We Lied,Karin Slaughter,Duración: 12 h,https://www.audible.com/es_US/pd/This-Is-Why-We-Lied-Audiolibro/B0CPGRXTF4
Grown Woman Talk,Sharon Malone M.D.,Duración: 12 h y 12 m,https://www.audible.com/es_US/pd/Grown-Woman-Talk-Audiolibro/B0CDHJZXSK
Mania,Lionel Shriver,Duración: 9 h y 22 m,https://www.audible.com/es_US/pd/Mania-Audiolibro/B0CBNJH4LR
Ember,Jeffrey Wilson,Duración: 13 h y 30 m,https://www.audible.com/es_US/pd/Ember-Audiolibro/B0CV4P8SG8
Mimic & Me 2,Cassius Lange,Duración: 19 h y 27 m,https://www.audible.com/es_US/pd/Mimic-Me-2-Audiolibro/B0CY33D7LB
The Age of Magical Overthinking,Amanda Montell,Duración: 6 h y 5 m,https://www.audible.com/es_US/pd/The-Age-of-Magical-Overthinking-Audiolibro/B0CHHB3XTY
For Love of Country,Tulsi Gabbard,Duración: 7 h,https://www.audible.com/es_US/pd/For-Love-of-Country-Audiolibro/B0CKZWPW7L
Democracy or Else,Jon Favreau,Duración: Aún no se conoce,https://www.audible.com/es_US/pd/Democracy-or-Else-Audiolibro/B0CNQM8XL8
A Mark of Imperfection,Rhys Dylan,Duración: 9 h y 25 m,https://www.audible.com/es_US/pd/A-Mark-of-Imperfection-Audiolibro/B0CZVWZB5X
Flames of Stone,Sever Bronny,Duración: 25 h y 3 m,https://www.audible.com/es_US/pd/Flames-of-Stone-Audiolibro/B0CZ1QBDD9
Get In!,Mark Goldbridge,Duración: Aún no se conoce,https://www.audible.com/es_US/pd/Get-In-Audiolibro/B0CZSG7WC7
Lovely Wicked Things,Trisha Wolfe,Duración: 9 h y 48 m,https://www.audible.com/es_US/pd/Lovely-Wicked-Things-Audiolibro/B0CZSNHT14
"Jackal Among Snakes, Book 5",Nemorosus,Duración: 14 h y 30 m,https://www.audible.com/es_US/pd/Jackal-Among-Snakes-Book-5-Audiolibro/B0CZPJZLXD
Fantastic Fungi,Paul Stamets,Duración: 5 h y 20 m,https://www.audible.com/es_US/pd/Fantastic-Fungi-Audiolibro/B0CZ4LTSYK
Only for the Week,Natasha Bishop,Duración: 7 h y 3 m,https://www.audible.com/es_US/pd/Only-for-the-Week-Audiolibro/B0CYF4CLTS
Good Energy,Casey Means MD,Duración: 9 h,https://www.audible.com/es_US/pd/Good-Energy-Audiolibro/B0CKKKBBF3
Children of Dune,Frank Herbert,Duración: 16 h y 51 m,https://www.audible.com/es_US/pd/Children-of-Dune-Audiolibro/B002V57VRC
Somehow,Anne Lamott,Duración: 4 h y 16 m,https://www.audible.com/es_US/pd/Somehow-Audiolibro/B0CBQRSWVP
Heat of the Everflame,Penn Cole,Duración: 34 h y 29 m,https://www.audible.com/es_US/pd/Heat-of-the-Everflame-Audiolibro/B0CVRLZK8J
Gravesong,pirateaba,Duración: 17 h y 48 m,https://www.audible.com/es_US/pd/Gravesong-Audiolibro/B0CSLV4CZ5
Small Town Swoon,Melanie Harlow,Duración: 9 h y 25 m,https://www.audible.com/es_US/pd/Small-Town-Swoon-Audiolibro/B0CZM51XY3
Funny Story,Emily Henry,Duración: 11 h y 23 m,https://www.audible.com/es_US/pd/Funny-Story-Audiolibro/B0CCPS88R3
All You Need Is Love: The Beatles in Their Own Words,Peter Brown,Duración: 9 h y 43 m,https://www.audible.com/es_US/pd/All-You-Need-Is-Love-The-Beatles-in-Their-Own-Words-Audiolibro/B0C823S562
The Demon of Unrest,Erik Larson,Duración: 15 h,https://www.audible.com/es_US/pd/The-Demon-of-Unrest-Audiolibro/B0CDQNVWH1
Killing Me Softly,Julie Mulhern,Duración: 5 h y 47 m,https://www.audible.com/es_US/pd/Killing-Me-Softly-Audiolibro/B0CYCYPLJG
The Mobster's Mate,Kiki Clark,Duración: 6 h y 3 m,https://www.audible.com/es_US/pd/The-Mobsters-Mate-Audiolibro/B0CZSGB4K7
Forged by Malice,Elizabeth Helen,Duración: 18 h y 47 m,https://www.audible.com/es_US/pd/Forged-by-Malice-Audiolibro/B0CZMW6QLD
Finish What We Started,Isaac Arnsdorf,Duración: 8 h y 52 m,https://www.audible.com/es_US/pd/Finish-What-We-Started-Audiolibro/B0B834VC9Z
Losing and Finding My Virginity: The Full Story,Richard Branson,Duración: 27 h y 10 m,https://www.audible.com/es_US/pd/Losing-and-Finding-My-Virginity-The-Full-Story-Audiolibro/B0CW8B5VYL
Two O'Clock on a Tuesday at Trevi Fountain,Helene Sula,Duración: 5 h y 57 m,https://www.audible.com/es_US/pd/Two-OClock-on-a-Tuesday-at-Trevi-Fountain-Audiolibro/B0CXFGWVJX
Death in the Spires,KJ Charles,Duración: 9 h y 8 m,https://www.audible.com/es_US/pd/Death-in-the-Spires-Audiolibro/B0CYTPZ9ZX
A Soul to Heal,Opal Reyne,Duración: 20 h y 17 m,https://www.audible.com/es_US/pd/A-Soul-to-Heal-Audiolibro/B0CZ4PM5XV
Revelations,D. Petrie,Duración: 14 h y 18 m,https://www.audible.com/es_US/pd/Revelations-Audiolibro/B0CYHPH9K7
The Wide Wide Sea,Hampton Sides,Duración: 15 h y 41 m,https://www.audible.com/es_US/pd/The-Wide-Wide-Sea-Audiolibro/B0CDDS31PK
Are You Praying for the Wrong Thing?,Travis Greene,Duración: 6 h y 25 m,https://www.audible.com/es_US/pd/Are-You-Praying-for-the-Wrong-Thing-Audiolibro/B0CB1MGH61
Star Wars: Tempest Breaker (The High Republic),Cavan Scott,Duración: 6 h,https://www.audible.com/es_US/pd/Star-Wars-Tempest-Breaker-The-High-Republic-Audiolibro/B0CXFMBYMS
"The Fire, the Revelation and the Fall",Jenny L. Cote,Duración: 22 h y 59 m,https://www.audible.com/es_US/pd/The-Fire-the-Revelation-and-the-Fall-Audiolibro/B0CZSHMWR5
Sabotage,Sherrilyn Kenyon,Duración: 8 h y 15 m,https://www.audible.com/es_US/pd/Sabotage-Audiolibro/B0CXBVYGTN
Lucky Son of a Gun,John Conroe,Duración: 8 h y 11 m,https://www.audible.com/es_US/pd/Lucky-Son-of-a-Gun-Audiolibro/B0CYNLKC68
Fire and Fury,Christopher Hopper,Duración: 13 h y 49 m,https://www.audible.com/es_US/pd/Fire-and-Fury-Audiolibro/B0CTKWBHVB
Affiliate Marketing: Your Path to 10K/Month,Ethan Robinson,Duración: 5 h y 44 m,https://www.audible.com/es_US/pd/Affiliate-Marketing-Your-Path-to-10K-Month-Audiolibro/B0CZMKK2C1
If Only I Had Told Her,Laura Nowlin,Duración: 9 h y 44 m,https://www.audible.com/es_US/pd/If-Only-I-Had-Told-Her-Audiolibro/B0CWPSR6GM
Tarot's Ninth Harbinger,A. F. Kay,Duración: 17 h y 27 m,https://www.audible.com/es_US/pd/Tarots-Ninth-Harbinger-Audiolibro/B0CX9L4XDH
Power Moves,Sarah Jakes Roberts,Duración: 7 h y 31 m,https://www.audible.com/es_US/pd/Power-Moves-Audiolibro/B0CB1R2T8V
Aycrishi Sodality,Phil Aerix,Duración: 71 h y 58 m,https://www.audible.com/es_US/pd/Aycrishi-Sodality-Audiolibro/B0CZ1DLMBC
Fake Dates and Fanged Mistakes,Alice Winters,Duración: 10 h y 11 m,https://www.audible.com/es_US/pd/Fake-Dates-and-Fanged-Mistakes-Audiolibro/B0CZ1DF454
Apples Never Fall,Liane Moriarty,Duración: 18 h y 3 m,https://www.audible.com/es_US/pd/Apples-Never-Fall-Audiolibro/1250810701
An Assassination on the Agenda,T E Kinsey,Duración: 8 h y 56 m,https://www.audible.com/es_US/pd/An-Assassination-on-the-Agenda-Audiolibro/B0CS74MN7B
Star Wars: The Living Force,John Jackson Miller,Duración: 16 h y 10 m,https://www.audible.com/es_US/pd/Star-Wars-The-Living-Force-Audiolibro/B0CF6SNCCH
Love Life,Matthew Hussey,Duración: 11 h,https://www.audible.com/es_US/pd/Love-Life-Audiolibro/B0CCW168K7
Learn Jamaican Patois in 30 Days,Emily Montgomery,Duración: 10 h y 51 m,https://www.audible.com/es_US/pd/Learn-Jamaican-Patois-in-30-Days-Audiolibro/B0CZQBKZ3P
A Calamity of Souls,David Baldacci,Duración: 14 h y 28 m,https://www.audible.com/es_US/pd/A-Calamity-of-Souls-Audiolibro/B0CKNN6LX7
A Brewtiful Life,JollyJupiter,Duración: 15 h y 10 m,https://www.audible.com/es_US/pd/A-Brewtiful-Life-Audiolibro/B0CYQJ6PN2
The Genius of Empathy,Judith Orloff,Duración: 8 h y 5 m,https://www.audible.com/es_US/pd/The-Genius-of-Empathy-Audiolibro/B0CW2QFSXH
ADHD Is Awesome,Penn Holderness,Duración: 8 h y 48 m,https://www.audible.com/es_US/pd/ADHD-Is-Awesome-Audiolibro/B0CB1RF7MJ
Seven Trumpets,Mark Goodwin,Duración: 6 h y 36 m,https://www.audible.com/es_US/pd/Seven-Trumpets-Audiolibro/B0CZPKLWPX
Will Leave the Galaxy for Good,Yahtzee Croshaw,Duración: 9 h y 50 m,https://www.audible.com/es_US/pd/Will-Leave-the-Galaxy-for-Good-Audiolibro/B0CY5YWK21
Winter Lost,Patricia Briggs,Duración: 11 h,https://www.audible.com/es_US/pd/Winter-Lost-Audiolibro/B0CMKG5KDY
Fantastic Fungi,Paul Stamets,Duración: 5 h y 20 m,https://www.audible.com/es_US/pd/Fantastic-Fungi-Audiolibro/B0CZ4LTSYK
The Girl Who Was Taken,Charlie Donlea,Duración: 10 h y 49 m,https://www.audible.com/es_US/pd/The-Girl-Who-Was-Taken-Audiolibro/B06ZZ22PP1
Tom Clancy Act of Defiance,Brian Andrews,Duración: 13 h,https://www.audible.com/es_US/pd/Tom-Clancy-Act-of-Defiance-Audiolibro/B0CGS1GWMT
The Dungeon Titan,Konrad Ryan,Duración: 26 h y 42 m,https://www.audible.com/es_US/pd/The-Dungeon-Titan-Audiolibro/B0CYJ3PC8Q
A Murder to Remember,Brynn Kelly,Duración: 10 h y 3 m,https://www.audible.com/es_US/pd/A-Murder-to-Remember-Audiolibro/B0CT5ZJ3YQ
How the World Made the West,Josephine Quinn,Duración: 18 h,https://www.audible.com/es_US/pd/How-the-World-Made-the-West-Audiolibro/B0CR4FWCRL
Leather & Lark,Brynne Weaver,Duración: Aún no se conoce,https://www.audible.com/es_US/pd/Leather-Lark-Audiolibro/B0CQTGW5SS
Pride and Prejudice,Jane Austen,Duración: 11 h y 35 m,https://www.audible.com/es_US/pd/Pride-and-Prejudice-Audiolibro/B016LN23CC
Silence of the Missing,Rick R. Reed,Duración: 6 h y 45 m,https://www.audible.com/es_US/pd/Silence-of-the-Missing-Audiolibro/B0CZV4DKGC
The Book That Broke the World,Mark Lawrence,Duración: 15 h y 28 m,https://www.audible.com/es_US/pd/The-Book-That-Broke-the-World-Audiolibro/B0CDQK5WNL
Dark Soldiers,Alisha Williams,Duración: 8 h y 49 m,https://www.audible.com/es_US/pd/Dark-Soldiers-Audiolibro/B0CZV3659X
"Recupera tu mente, reconquista tu vida",Marian Rojas Estapé,Duración: 12 h y 15 m,https://www.audible.com/es_US/pd/Recupera-tu-mente-reconquista-tu-vida-Audiolibro/B0CZXWGF2H
Tempest,Karen Lynch,Duración: 13 h y 40 m,https://www.audible.com/es_US/pd/Tempest-Audiolibro/B0CZM1XXJX
"20 Guided Meditations for Deep Sleep, Overthinking, Anxiety & Relaxation",Harmony Meditations,Duración: 21 h y 5 m,https://www.audible.com/es_US/pd/20-Guided-Meditations-for-Deep-Sleep-Overthinking-Anxiety-Relaxation-Audiolibro/B0CZSCPM34
Demon's Bluff,Kim Harrison,Duración: 18 h,https://www.audible.com/es_US/pd/Demons-Bluff-Audiolibro/B0CTNT9XWX
Hans,S.J. Tilly,Duración: 10 h y 53 m,https://www.audible.com/es_US/pd/Hans-Audiolibro/B0CTKY5SR5
The Mercy of Gods,James S.A. Corey,Duración: 18 h y 30 m,https://www.audible.com/es_US/pd/The-Mercy-of-Gods-Audiolibro/B0CQZ5167B
The Fool,Lani Lynn Vale,Duración: 5 h y 56 m,https://www.audible.com/es_US/pd/The-Fool-Audiolibro/B0CZ9ZDB8J
Nothing to Fear,Julie McFadden RN,Duración: 9 h,https://www.audible.com/es_US/pd/Nothing-to-Fear-Audiolibro/B0CKKLMTTX
A Death in Cornwall,Daniel Silva,Duración: 12 h,https://www.audible.com/es_US/pd/A-Death-in-Cornwall-Audiolibro/B0CLLLGG5H
Only and Forever,Chloe Liese,Duración: 11 h y 15 m,https://www.audible.com/es_US/pd/Only-and-Forever-Audiolibro/B0CYHYR472
The Woman in the Window,A.J. Rivers,Duración: 8 h y 8 m,https://www.audible.com/es_US/pd/The-Woman-in-the-Window-Audiolibro/B0CZV49N5C
Camino Ghosts,John Grisham,Duración: 9 h,https://www.audible.com/es_US/pd/Camino-Ghosts-Audiolibro/B0CKC85Z36
Born of Blood and Ash,Jennifer L. Armentrout,Duración: 24 h,https://www.audible.com/es_US/pd/Born-of-Blood-and-Ash-Audiolibro/B0CLGQBQFL
The Laws of Human Nature,Robert Greene,Duración: 28 h y 26 m,https://www.audible.com/es_US/pd/The-Laws-of-Human-Nature-Audiolibro/B07DKVMMRZ
The Janitor Killed the World Boss: A LitRPG Novel,Aaron Renfroe,Duración: 11 h y 36 m,https://www.audible.com/es_US/pd/The-Janitor-Killed-the-World-Boss-A-LitRPG-Novel-Audiolibro/B0CZMHWVP3
On the Same Page,Haley Cass,Duración: 16 h y 18 m,https://www.audible.com/es_US/pd/On-the-Same-Page-Audiolibro/B0CXKGZSDH
The Comfort of Ghosts,Jacqueline Winspear,Duración: 12 h,https://www.audible.com/es_US/pd/The-Comfort-of-Ghosts-Audiolibro/B0CQZ4QT27
Road of Skulls,Josh Reynolds,Duración: 12 h y 18 m,https://www.audible.com/es_US/pd/Road-of-Skulls-Audiolibro/B0CVNK5F8D
"10 Guided Meditations for Anxiety, Deep Sleep, Stress Relief & Relaxation",Harmony Meditations,Duración: 10 h y 38 m,https://www.audible.com/es_US/pd/10-Guided-Meditations-for-Anxiety-Deep-Sleep-Stress-Relief-Relaxation-Audiolibro/B0CZQ9TY3C
The American,Jodi Ellen Malpas,Duración: 23 h y 8 m,https://www.audible.com/es_US/pd/The-American-Audiolibro/B0CYQKFBTG
Bad Therapy,Abigail Shrier,Duración: 8 h y 56 m,https://www.audible.com/es_US/pd/Bad-Therapy-Audiolibro/B0CK55L457
Just for the Summer,Abby Jimenez,Duración: 11 h y 43 m,https://www.audible.com/es_US/pd/Just-for-the-Summer-Audiolibro/B0CFC89N3C
After 1177 B.C.,Eric H. Cline,Duración: 9 h y 18 m,https://www.audible.com/es_US/pd/After-1177-BC-Audiolibro/B0CXVKPFHQ
The Witch Queen of Halloween,Kresley Cole,Duración: 5 h y 16 m,https://www.audible.com/es_US/pd/The-Witch-Queen-of-Halloween-Audiolibro/B0CZBVC177
Millionaire Mission,Brian Preston,Duración: 6 h y 30 m,https://www.audible.com/es_US/pd/Millionaire-Mission-Audiolibro/B0CXBHWSDG
Speak the Blessing,Joel Osteen,Duración: 3 h y 13 m,https://www.audible.com/es_US/pd/Speak-the-Blessing-Audiolibro/B0CFCMPQKT
Angel of Vengeance,Douglas Preston,Duración: 14 h,https://www.audible.com/es_US/pd/Angel-of-Vengeance-Audiolibro/B0CNBP2JCJ
The Algebra of Wealth,Scott Galloway,Duración: 8 h y 29 m,https://www.audible.com/es_US/pd/The-Algebra-of-Wealth-Audiolibro/B0C6YL9M27
Think Twice,Harlan Coben,Duración: 10 h,https://www.audible.com/es_US/pd/Think-Twice-Audiolibro/B0CKTTN1Z2
The Silence at Mystery Bay,D.D. Black,Duración: 5 h y 47 m,https://www.audible.com/es_US/pd/The-Silence-at-Mystery-Bay-Audiolibro/B0CZSTB4Q3
Tapping Out,Nikki Ash,Duración: 8 h y 33 m,https://www.audible.com/es_US/pd/Tapping-Out-Audiolibro/B0CZ7PKZ2C
God Emperor of Dune,Frank Herbert,Duración: 15 h y 48 m,https://www.audible.com/es_US/pd/God-Emperor-of-Dune-Audiolibro/B002V5D08G
The Rip,Holly Craig,Duración: 10 h y 18 m,https://www.audible.com/es_US/pd/The-Rip-Audiolibro/B0CV5LYF5T
Dungeon Life 2,Khenal,Duración: 15 h y 5 m,https://www.audible.com/es_US/pd/Dungeon-Life-2-Audiolibro/B0CYHRW6XJ
A Death in Venice,Verity Bright,Duración: 8 h y 48 m,https://www.audible.com/es_US/pd/A-Death-in-Venice-Audiolibro/B0CY611DBQ
Grave Mountain,Wendy Dranfield,Duración: 10 h y 47 m,https://www.audible.com/es_US/pd/Grave-Mountain-Audiolibro/B0CZ1BJHN4
Scavengers,Brian J. Nordon,Duración: 21 h y 58 m,https://www.audible.com/es_US/pd/Scavengers-Audiolibro/B0CYCXQWVR
Storms and Secrets,Claire Kingsley,Duración: 10 h y 41 m,https://www.audible.com/es_US/pd/Storms-and-Secrets-Audiolibro/B0CX28HN6C
An Unfinished Love Story,Doris Kearns Goodwin,Duración: 17 h y 38 m,https://www.audible.com/es_US/pd/An-Unfinished-Love-Story-Audiolibro/B0CFYRF5M5
Nexus,Yuval Noah Harari,Duración: 14 h,https://www.audible.com/es_US/pd/Nexus-Audiolibro/B0CT49S3V8
Death's End,Cixin Liu,Duración: 28 h y 51 m,https://www.audible.com/es_US/pd/Deaths-End-Audiolibro/B01LW7OXWP
The Mad Mick Box Set Volume 2,Franklin Horton,Duración: 29 h y 35 m,https://www.audible.com/es_US/pd/The-Mad-Mick-Box-Set-Volume-2-Audiolibro/B0CZLZKQHW
Treasures in the Dark,Katherine Wolf,Duración: 8 h y 56 m,https://www.audible.com/es_US/pd/Treasures-in-the-Dark-Audiolibro/B0CB1TC4DZ
Thirst,Nicole Falls,Duración: 2 h y 41 m,https://www.audible.com/es_US/pd/Thirst-Audiolibro/B0CZPHJGC9
Queen of Shadows,Sarah J. Maas,Duración: 20 h y 43 m,https://www.audible.com/es_US/pd/Queen-of-Shadows-Audiolibro/B012BTUEVC
Cop vs. Capo,Cari Z,Duración: 6 h y 37 m,https://www.audible.com/es_US/pd/Cop-vs-Capo-Audiolibro/B0CZSGFHQT
Morning Star,Pierce Brown,Duración: 21 h y 50 m,https://www.audible.com/es_US/pd/Morning-Star-Audiolibro/B019NMZ6FE
Tom Clancy Shadow State,M.P. Woodward,Duración: 15 h,https://www.audible.com/es_US/pd/Tom-Clancy-Shadow-State-Audiolibro/B0CPTJFLBF
Dune Messiah,Frank Herbert,Duración: 8 h y 57 m,https://www.audible.com/es_US/pd/Dune-Messiah-Audiolibro/B002V8H660
Ashborn Primordial,Vowron Prime,Duración: 24 h y 7 m,https://www.audible.com/es_US/pd/Ashborn-Primordial-Audiolibro/B0CW21HW3Q
Legend of the Arch Magus: Publisher's Pack 6,Michael Sisa,Duración: 14 h y 40 m,https://www.audible.com/es_US/pd/Legend-of-the-Arch-Magus-Publishers-Pack-6-Audiolibro/B0CTKZXQ9Y
Kubrick,Robert P. Kolker,Duración: 24 h y 33 m,https://www.audible.com/es_US/pd/Kubrick-Audiolibro/B0CTC29414
House of Sky and Breath,Sarah J. Maas,Duración: 27 h y 42 m,https://www.audible.com/es_US/pd/House-of-Sky-and-Breath-Audiolibro/B09MZPZ1WG
The Complete Conversations with God,Neale Donald Walsch,Duración: 26 h y 33 m,https://www.audible.com/es_US/pd/The-Complete-Conversations-with-God-Audiolibro/B07HB4VGPB
For the Fans,Nyla K,Duración: 22 h y 39 m,https://www.audible.com/es_US/pd/For-the-Fans-Audiolibro/B0CGXY534B
Between Never and Forever,Shain Rose,Duración: 11 h y 47 m,https://www.audible.com/es_US/pd/Between-Never-and-Forever-Audiolibro/B0CZ4NNS4Y
Avatar,Seth Ring,Duración: 14 h,https://www.audible.com/es_US/pd/Avatar-Audiolibro/B0CT4HGMFJ
Close to Death,Anthony Horowitz,Duración: 9 h y 12 m,https://www.audible.com/es_US/pd/Close-to-Death-Audiolibro/B0C91T72CM
The Beloved,J.R. Ward,Duración: 13 h y 4 m,https://www.audible.com/es_US/pd/The-Beloved-Audiolibro/B0C876WSHD
The Fellowship of the Ring,J. R. R. Tolkien,Duración: 22 h y 38 m,https://www.audible.com/es_US/pd/The-Fellowship-of-the-Ring-Audiolibro/1705047572
Secrets and Strife: An Isekai LitRPG,SourpatchHero,Duración: 18 h y 53 m,https://www.audible.com/es_US/pd/Secrets-and-Strife-An-Isekai-LitRPG-Audiolibro/B0CPTBF8H1
Raising Mentally Strong Kids,Daniel G. Amen M.D.,Duración: 11 h y 17 m,https://www.audible.com/es_US/pd/Raising-Mentally-Strong-Kids-Audiolibro/B0CWM658K2
Tower of Silence,Larry Correia,Duración: 16 h y 1 m,https://www.audible.com/es_US/pd/Tower-of-Silence-Audiolibro/B0CXTZS831
A World Made New: A Channeled Text,Paul Selig,Duración: 9 h y 15 m,https://www.audible.com/es_US/pd/A-World-Made-New-A-Channeled-Text-Audiolibro/B0CW7TR82T
George Orwell’s 1984,George Orwell,Duración: 3 h y 27 m,https://www.audible.com/es_US/pd/George-Orwells-1984-Audiolibro/B0CRRP4WW7
Cold Iron Task,James J. Butcher,Duración: 11 h,https://www.audible.com/es_US/pd/Cold-Iron-Task-Audiolibro/B0CTNNB84W
The Outlaw Noble Salt,Amy Harmon,Duración: 13 h y 44 m,https://www.audible.com/es_US/pd/The-Outlaw-Noble-Salt-Audiolibro/B0CK555S2R
The Surrogate,Penelope Ward,Duración: 9 h y 52 m,https://www.audible.com/es_US/pd/The-Surrogate-Audiolibro/B0CTMXC73Y
Expiration Dates,Rebecca Serle,Duración: 6 h y 54 m,https://www.audible.com/es_US/pd/Expiration-Dates-Audiolibro/B0C7XXYPM7
Crowns of Ice,Krista Street,Duración: 9 h y 37 m,https://www.audible.com/es_US/pd/Crowns-of-Ice-Audiolibro/B0CZ5DFGKQ
The Total Money Makeover Updated and Expanded,Dave Ramsey,Duración: 7 h y 17 m,https://www.audible.com/es_US/pd/The-Total-Money-Makeover-Updated-and-Expanded-Audiolibro/B0CNDFJQ7H
"Harry Potter and the Chamber of Secrets, Book 2",J.K. Rowling,Duración: 9 h y 2 m,https://www.audible.com/es_US/pd/Harry-Potter-and-the-Chamber-of-Secrets-Book-2-Audiolibro/B017V4IWVG
First Necromancer: Book I,Coldfang89,Duración: 17 h y 47 m,https://www.audible.com/es_US/pd/First-Necromancer-Book-I-Audiolibro/B0CZ7NFK62
Project Duke,Mariah Stone,Duración: 9 h y 22 m,https://www.audible.com/es_US/pd/Project-Duke-Audiolibro/B0CZMBVVCJ
The 21 Irrefutable Laws of Leadership: 25th Anniversary,John C. Maxwell,Duración: 9 h y 32 m,https://www.audible.com/es_US/pd/The-21-Irrefutable-Laws-of-Leadership-25th-Anniversary-Audiolibro/B09MGC94DG
Toxic Prey,John Sandford,Duración: 11 h y 19 m,https://www.audible.com/es_US/pd/Toxic-Prey-Audiolibro/B0CFBV1HYT
The Pucking Wrong Date,C.R. Jane,Duración: 10 h,https://www.audible.com/es_US/pd/The-Pucking-Wrong-Date-Audiolibro/B0CSLTBRJB
Words of Radiance,Brandon Sanderson,Duración: 48 h y 13 m,https://www.audible.com/es_US/pd/Words-of-Radiance-Audiolibro/B00HWF0MHW
Outlander,Diana Gabaldon,Duración: 32 h y 38 m,https://www.audible.com/es_US/pd/Outlander-Audiolibro/B002V1CJ8W
Ian Fleming,Nicholas Shakespeare,Duración: 29 h y 17 m,https://www.audible.com/es_US/pd/Ian-Fleming-Audiolibro/B0C7DPQR74
Fourth Wing (Part 2 of 2) (Dramatized Adaptation),Rebecca Yarros,Duración: 9 h y 22 m,https://www.audible.com/es_US/pd/Fourth-Wing-Part-2-of-2-Dramatized-Adaptation-Audiolibro/B0CQQ6ZV5J
A Clash of Kings,George R.R. Martin,Duración: 37 h y 12 m,https://www.audible.com/es_US/pd/A-Clash-of-Kings-Audiolibro/B002UZKIBO
A Storm of Swords,George R.R. Martin,Duración: 47 h y 34 m,https://www.audible.com/es_US/pd/A-Storm-of-Swords-Audiolibro/B0036NQ9Z8
Endfall,David Estes,Duración: 46 h y 19 m,https://www.audible.com/es_US/pd/Endfall-Audiolibro/B0CWVX3C5S
Star Wars: Temptation of the Force (The High Republic),Tessa Gratton,Duración: 12 h,https://www.audible.com/es_US/pd/Star-Wars-Temptation-of-the-Force-The-High-Republic-Audiolibro/B0CMKBFF6G
101 Essays That Will Change the Way You Think,Brianna Wiest,Duración: 10 h y 45 m,https://www.audible.com/es_US/pd/101-Essays-That-Will-Change-the-Way-You-Think-Audiolibro/1977386865
Crown,Nicoli Gonnella,Duración: 22 h y 6 m,https://www.audible.com/es_US/pd/Crown-Audiolibro/B0CTRFY4P1
The #1 Lawyer,James Patterson,Duración: 13 h,https://www.audible.com/es_US/pd/The-1-Lawyer-Audiolibro/B0CBL52R1S
The Hero of Ages,Brandon Sanderson,Duración: 27 h y 25 m,https://www.audible.com/es_US/pd/The-Hero-of-Ages-Audiolibro/B002VA9IKK
If You Tell,Gregg Olsen,Duración: 10 h y 34 m,https://www.audible.com/es_US/pd/If-You-Tell-Audiolibro/1799708225
"Shōgun, Part One",James Clavell,Duración: 24 h y 18 m,https://www.audible.com/es_US/pd/Shogun-Part-One-Audiolibro/B0CPYZWTVR
Think and Grow Rich!,Napoleon Hill,Duración: 10 h y 33 m,https://www.audible.com/es_US/pd/Think-and-Grow-Rich-Audiolibro/B0CZPJ7G6F
Kingdom of Ash,Sarah J. Maas,Duración: 33 h y 11 m,https://www.audible.com/es_US/pd/Kingdom-of-Ash-Audiolibro/B07J682QY2
Oathbringer,Brandon Sanderson,Duración: 55 h y 5 m,https://www.audible.com/es_US/pd/Oathbringer-Audiolibro/B0718Z5K4C
Never Finished,David Goggins,Duración: 11 h y 6 m,https://www.audible.com/es_US/pd/Never-Finished-Audiolibro/B0BJ34FWZ3
Witch Is How the Tables Turned,Adele Abbott,Duración: 7 h y 50 m,https://www.audible.com/es_US/pd/Witch-Is-How-the-Tables-Turned-Audiolibro/B0CZSBLTTQ
Bad Nanny,Maya Nicole,Duración: 7 h y 30 m,https://www.audible.com/es_US/pd/Bad-Nanny-Audiolibro/B0CZPKDF1L
The Well of Ascension,Brandon Sanderson,Duración: 28 h y 56 m,https://www.audible.com/es_US/pd/The-Well-of-Ascension-Audiolibro/B002V5GLQ4
The Heart of Psychos: Part One,Ames Mills,Duración: 10 h y 46 m,https://www.audible.com/es_US/pd/The-Heart-of-Psychos-Part-One-Audiolibro/B0CX9MKNXF
Hunger Pains,B.L. Brunnemer,Duración: 12 h y 40 m,https://www.audible.com/es_US/pd/Hunger-Pains-Audiolibro/B0CRLDZPQ6
American Dreamer: Who Was Jay Gatsby?,Blanchard House,Duración: 4 h y 46 m,https://www.audible.com/es_US/pd/American-Dreamer-Who-Was-Jay-Gatsby-Audiolibro/B0CYQXS587
Fairy Tale,Stephen King,Duración: 24 h y 6 m,https://www.audible.com/es_US/pd/Fairy-Tale-Audiolibro/B09R62PV4B
Butcher & Blackbird,Brynne Weaver,Duración: 8 h y 43 m,https://www.audible.com/es_US/pd/Butcher-Blackbird-Audiolibro/B0CK8TTLS8
The Dungeon Anarchist's Cookbook,Matt Dinniman,Duración: 16 h y 54 m,https://www.audible.com/es_US/pd/The-Dungeon-Anarchists-Cookbook-Audiolibro/B094XCNV6G
The Invention of Prehistory,Stefanos Geroulanos,Duración: 14 h y 46 m,https://www.audible.com/es_US/pd/The-Invention-of-Prehistory-Audiolibro/B0CZLYQJJD
Gilded Wings,Jaymin Eve,Duración: 10 h y 13 m,https://www.audible.com/es_US/pd/Gilded-Wings-Audiolibro/B0CYTQ7Z7P
Empire of Storms,Sarah J. Maas,Duración: 25 h y 18 m,https://www.audible.com/es_US/pd/Empire-of-Storms-Audiolibro/B01KIQVHL6
Mind Games,Nora Roberts,Duración: 14 h y 52 m,https://www.audible.com/es_US/pd/Mind-Games-Audiolibro/B0CH1H42DP
Mother Faker,Brittanee Nicole,Duración: 10 h y 13 m,https://www.audible.com/es_US/pd/Mother-Faker-Audiolibro/B0CVLDWRMJ
House of Earth and Blood,Sarah J. Maas,Duración: 27 h y 50 m,https://www.audible.com/es_US/pd/House-of-Earth-and-Blood-Audiolibro/B082YHZPTY
Crown of Midnight,Sarah J. Maas,Duración: 12 h y 43 m,https://www.audible.com/es_US/pd/Crown-of-Midnight-Audiolibro/1547607556
365 Manifestation Meditation for Highly Sensitive People,Crystal Mendoza,Duración: 10 h y 26 m,https://www.audible.com/es_US/pd/365-Manifestation-Meditation-for-Highly-Sensitive-People-Audiolibro/B0CZBSWGWD
Lazarus: Enmity's Edge,Gary Kloster,Duración: 11 h y 47 m,https://www.audible.com/es_US/pd/Lazarus-Enmitys-Edge-Audiolibro/B0CV5XPFRN
A Court of Mist and Fury,Sarah J. Maas,Duración: 23 h y 16 m,https://www.audible.com/es_US/pd/A-Court-of-Mist-and-Fury-Audiolibro/B01DYO4QRQ
Countdown,Sean Oswald,Duración: 16 h y 40 m,https://www.audible.com/es_US/pd/Countdown-Audiolibro/B0CSZYX4F5
The Two Towers,J. R. R. Tolkien,Duración: 16 h y 40 m,https://www.audible.com/es_US/pd/The-Two-Towers-Audiolibro/B009ABHTF4
The David Wolf Mystery Thriller Series: Books 1-4,Jeff Carson,Duración: 28 h y 16 m,https://www.audible.com/es_US/pd/The-David-Wolf-Mystery-Thriller-Series-Books-1-4-Audiolibro/B0776NGW2S
Defiance of the Fall 12,TheFirstDefier,Duración: 26 h y 24 m,https://www.audible.com/es_US/pd/Defiance-of-the-Fall-12-Audiolibro/B0CVBKSNJ9
The Two Towers,J. R. R. Tolkien,Duración: 20 h y 46 m,https://www.audible.com/es_US/pd/The-Two-Towers-Audiolibro/1705047580
The Housemaid Is Watching,Freida McFadden,Duración: 11 h y 42 m,https://www.audible.com/es_US/pd/The-Housemaid-Is-Watching-Audiolibro/B0CTMZBM36
The Dark Forest,Cixin Liu,Duración: 22 h y 36 m,https://www.audible.com/es_US/pd/The-Dark-Forest-Audiolibro/B010PKSKBA
Radley's Apocalypse for Horny Monsters,Annabelle Hawthorne,Duración: 25 h y 24 m,https://www.audible.com/es_US/ac/Radleys-Apocalypse-for-Horny-Monsters-Audiolibro/B0CXZHJZTG
"Broken Ice, Mended Hearts",Ryan Taylor,Duración: 10 h y 10 m,https://www.audible.com/es_US/pd/Broken-Ice-Mended-Hearts-Audiolibro/B0CZSWNYWM
Red Dead's History,Tore C. Olsson,Duración: 8 h y 30 m,https://www.audible.com/es_US/pd/Red-Deads-History-Audiolibro/B0CKM6FB83
Family: Posy,Mary Ann Weir,Duración: 10 h y 28 m,https://www.audible.com/es_US/pd/Family-Posy-Audiolibro/B0CZSTHXZV
Rhythm of War,Brandon Sanderson,Duración: 57 h y 26 m,https://www.audible.com/es_US/pd/Rhythm-of-War-Audiolibro/1250759781
Daunting Dilemmas,Edale Lane,Duración: 13 h y 8 m,https://www.audible.com/es_US/pd/Daunting-Dilemmas-Audiolibro/B0CZQTT2PH
A Court of Wings and Ruin,Sarah J. Maas,Duración: 25 h y 9 m,https://www.audible.com/es_US/pd/A-Court-of-Wings-and-Ruin-Audiolibro/B072BFQF1N
House of Flame and Shadow,Sarah J. Maas,Duración: 29 h y 42 m,https://www.audible.com/es_US/pd/House-of-Flame-and-Shadow-Audiolibro/B0CGSXFQYY
12 Rules for Life,Jordan B. Peterson,Duración: 15 h y 40 m,https://www.audible.com/es_US/pd/12-Rules-for-Life-Audiolibro/B0797YBP7N
The Seduction of Lord Sin,Bronwen Evans,Duración: 6 h y 28 m,https://www.audible.com/es_US/pd/The-Seduction-of-Lord-Sin-Audiolibro/B0B6RR47JK
The Chronicles of Narnia Complete Audio Collection,C. S. Lewis,Duración: 33 h y 45 m,https://www.audible.com/es_US/pd/The-Chronicles-of-Narnia-Complete-Audio-Collection-Audiolibro/0061999881
Golden Son,Pierce Brown,Duración: 19 h y 3 m,https://www.audible.com/es_US/pd/Golden-Son-Audiolibro/B00R6S1RCY
Nameless vs the Army of the Dead,Brett Comeau,Duración: 7 h y 39 m,https://www.audible.com/es_US/pd/Nameless-vs-the-Army-of-the-Dead-Audiolibro/B0CZBRR7C2
I Thought I Knew,Melissa Trombetta,Duración: 9 h y 36 m,https://www.audible.com/es_US/pd/I-Thought-I-Knew-Audiolibro/B0CZT3DVL3
"Overlord, Vol. 13",Kugane Maruyama,Duración: 10 h,https://www.audible.com/es_US/pd/Overlord-Vol-13-Audiolibro/B0CW3NF5NY
The Chaos Agent,Mark Greaney,Duración: 17 h y 34 m,https://www.audible.com/es_US/pd/The-Chaos-Agent-Audiolibro/B0CCG7ZL2F
A Court of Frost and Starlight,Sarah J. Maas,Duración: 6 h y 23 m,https://www.audible.com/es_US/pd/A-Court-of-Frost-and-Starlight-Audiolibro/B07BFF2YG9
He Who Fights with Monsters: A LitRPG Adventure,Shirtaloon,Duración: 28 h y 56 m,https://www.audible.com/es_US/pd/He-Who-Fights-with-Monsters-A-LitRPG-Adventure-Audiolibro/1774248182
Comeback Hero,Jackie Walker,Duración: 17 h y 56 m,https://www.audible.com/es_US/pd/Comeback-Hero-Audiolibro/B0CZMW7Q61
Slayers: A Buffyverse Story,Christopher Golden,Duración: 8 h y 2 m,https://www.audible.com/es_US/pd/Slayers-A-Buffyverse-Story-Audiolibro/B0CGJ1DNQ1
Fi,Alexandra Fuller,Duración: 6 h y 24 m,https://www.audible.com/es_US/pd/Fi-Audiolibro/B0CMYSPYM4
Avenging Angel,Kristen Ashley,Duración: 11 h y 16 m,https://www.audible.com/es_US/pd/Avenging-Angel-Audiolibro/B0CQKJXCV8
Carl's Doomsday Scenario,Matt Dinniman,Duración: 11 h y 28 m,https://www.audible.com/es_US/pd/Carls-Doomsday-Scenario-Audiolibro/B0934GTSGT
A Kingdom of Flesh and Fire,Jennifer L. Armentrout,Duración: 24 h y 21 m,https://www.audible.com/es_US/pd/A-Kingdom-of-Flesh-and-Fire-Audiolibro/1713548143
The Crown of Gilded Bones,Jennifer L. Armentrout,Duración: 25 h y 22 m,https://www.audible.com/es_US/pd/The-Crown-of-Gilded-Bones-Audiolibro/1713548178
"The Word of Promise Audio Bible—New King James Version, NKJV: Complete Bible",Thomas Nelson Inc.,Duración: 98 h y 1 m,https://www.audible.com/es_US/pd/The-Word-of-Promise-Audio-BibleNew-King-James-Version-NKJV-Complete-Bible-Audiolibro/B003UC45I8
The Psychology of Secrets,Andrew Gold,Duración: 11 h y 36 m,https://www.audible.com/es_US/pd/The-Psychology-of-Secrets-Audiolibro/B0CN1KW3SV
Putting Out for a Hero,C. Rochelle,Duración: 11 h y 28 m,https://www.audible.com/es_US/pd/Putting-Out-for-a-Hero-Audiolibro/B0CX5W7CMR
The French Ingredient,Jane Bertch,Duración: 7 h y 22 m,https://www.audible.com/es_US/pd/The-French-Ingredient-Audiolibro/B0CDDJ7RT8
The Teacher,Freida McFadden,Duración: 9 h y 35 m,https://www.audible.com/es_US/pd/The-Teacher-Audiolibro/B0CPTKFJ46
Dietrich,Don Winslow,Duración: 1 h y 11 m,https://www.audible.com/es_US/pd/Dietrich-Audiolibro/B0CXF9PN9Q
The Path of Ascension: Books 1-3.5,C. Mantis,Duración: 70 h y 2 m,https://www.audible.com/es_US/pd/The-Path-of-Ascension-Books-1-35-Audiolibro/B0CC6J6XD2
A History of the World in Twelve Shipwrecks,David Gibbins,Duración: 14 h y 35 m,https://www.audible.com/es_US/pd/A-History-of-the-World-in-Twelve-Shipwrecks-Audiolibro/B0CY6X98XV
"Nailmaker: The Reaper, an Isekai LitRPG",A. Bel,Duración: 10 h y 45 m,https://www.audible.com/es_US/pd/Nailmaker-The-Reaper-an-Isekai-LitRPG-Audiolibro/B0CYNJB74Q
Undead Urges,Amanda M. Lee,Duración: 8 h y 56 m,https://www.audible.com/es_US/pd/Undead-Urges-Audiolibro/B0CZ1HCKM3
"Harry Potter and the Prisoner of Azkaban, Book 3",J.K. Rowling,Duración: 11 h y 49 m,https://www.audible.com/es_US/pd/Harry-Potter-and-the-Prisoner-of-Azkaban-Book-3-Audiolibro/B017V4JA2Q
Sentinel,Mark Greaney,Duración: 17 h,https://www.audible.com/es_US/pd/Sentinel-Audiolibro/B0CKKLNGKK
A Court of Silver Flames,Sarah J. Maas,Duración: 26 h y 5 m,https://www.audible.com/es_US/pd/A-Court-of-Silver-Flames-Audiolibro/1980085722
"Red Flags, Green Flags",Dr Ali Fenwick,Duración: 8 h y 28 m,https://www.audible.com/es_US/pd/Red-Flags-Green-Flags-Audiolibro/B0CJY7ZQ25
America Falls Collection 1: Books 1-6,Scott Medbury,Duración: 33 h y 15 m,https://www.audible.com/es_US/pd/America-Falls-Collection-1-Books-1-6-Audiolibro/B0CCK6T3NP
The Wise Man's Fear,Patrick Rothfuss,Duración: 42 h y 55 m,https://www.audible.com/es_US/pd/The-Wise-Mans-Fear-Audiolibro/B004QISZN6
Nuclear War,Annie Jacobsen,Duración: 11 h y 19 m,https://www.audible.com/es_US/pd/Nuclear-War-Audiolibro/B0CF6R3R7W
Honed in Havoc,Albany Walker,Duración: 6 h y 42 m,https://www.audible.com/es_US/pd/Honed-in-Havoc-Audiolibro/B0CZFDBXG3
Discovering Daniel,Amir Tsarfati,Duración: 6 h y 13 m,https://www.audible.com/es_US/pd/Discovering-Daniel-Audiolibro/B0CP8MQ2ZC
Coming Out Republican,Neil J. Young,Duración: 13 h y 16 m,https://www.audible.com/es_US/pd/Coming-Out-Republican-Audiolibro/B0CT957MBM
Un animal salvaje [A Wild Animal],Joël Dicker,Duración: 10 h y 1 m,https://www.audible.com/es_US/pd/Un-animal-salvaje-A-Wild-Animal-Audiolibro/B0CZFL31QN
"Harry Potter and the Half-Blood Prince, Book 6",J.K. Rowling,Duración: 18 h y 32 m,https://www.audible.com/es_US/pd/Harry-Potter-and-the-Half-Blood-Prince-Book-6-Audiolibro/B017V4NOZ0
The Human-Machine Team,Brigadier General Y.S,Duración: 4 h y 27 m,https://www.audible.com/es_US/pd/The-Human-Machine-Team-Audiolibro/B09BSVQ74R
Ready Player Two,Ernest Cline,Duración: 13 h y 46 m,https://www.audible.com/es_US/pd/Ready-Player-Two-Audiolibro/0593396960
He Who Fights with Monsters 9,Shirtaloon,Duración: 28 h y 3 m,https://www.audible.com/es_US/pd/He-Who-Fights-with-Monsters-9-Audiolibro/B0BMCNHHWN
The Secret Lives of Booksellers and Librarians,James Patterson,Duración: 7 h y 55 m,https://www.audible.com/es_US/pd/The-Secret-Lives-of-Booksellers-and-Librarians-Audiolibro/B0CFC2DPV2
Raven: Part One,Piper Scott,Duración: 10 h y 12 m,https://www.audible.com/es_US/pd/Raven-Part-One-Audiolibro/B0CZBN42R7
Wake the Past,Sally Rigby,Duración: 6 h y 31 m,https://www.audible.com/es_US/pd/Wake-the-Past-Audiolibro/B0CWMBW22R
How to Talk to Anyone,Leil Lowndes,Duración: 8 h y 59 m,https://www.audible.com/es_US/pd/How-to-Talk-to-Anyone-Audiolibro/B013F5WEZK
The Primal Hunter 2,Zogarth,Duración: 19 h y 25 m,https://www.audible.com/es_US/pd/The-Primal-Hunter-2-Audiolibro/B09V5RZFDG
The Three-Body Problem,Cixin Liu,Duración: 13 h y 53 m,https://www.audible.com/es_US/pd/The-Three-Body-Problem-Audiolibro/B0CTRZ4XGN
48 Laws of Power,Robert Greene,Duración: 23 h y 6 m,https://www.audible.com/es_US/pd/48-Laws-of-Power-Audiolibro/B00WYDJ2YQ
"Heretical Fishing, Book 1",Haylock Jobson,Duración: 23 h y 56 m,https://www.audible.com/es_US/pd/Heretical-Fishing-Book-1-Audiolibro/B0CVCYB19Y
"Harry Potter and the Deathly Hallows, Book 7",J.K. Rowling,Duración: 21 h y 36 m,https://www.audible.com/es_US/pd/Harry-Potter-and-the-Deathly-Hallows-Book-7-Audiolibro/B017WJ5ZK6
Song of Sorrows and Fate,LJ Andrews,Duración: 14 h y 6 m,https://www.audible.com/es_US/pd/Song-of-Sorrows-and-Fate-Audiolibro/B0CQMQJY13
The Shadow Rising,Robert Jordan,Duración: 41 h y 13 m,https://www.audible.com/es_US/pd/The-Shadow-Rising-Audiolibro/B002UZML5K
Little Stranger,Leigh Rivers,Duración: 6 h y 49 m,https://www.audible.com/es_US/ac/Little-Stranger-Audiolibro/B0CTRF4W1D
Eternally Yours,Kenya Wright,Duración: 7 h y 4 m,https://www.audible.com/es_US/pd/Eternally-Yours-Audiolibro/B0CJDB4DYQ
Breaking the Habit of Being Yourself,Joe Dispenza,Duración: 10 h y 49 m,https://www.audible.com/es_US/pd/Breaking-the-Habit-of-Being-Yourself-Audiolibro/B0868ZFF7X
Avalon Tower,C.N. Crawford,Duración: 11 h y 37 m,https://www.audible.com/es_US/pd/Avalon-Tower-Audiolibro/B0CZ7MX3JB
Take Me I'm Yours,Lili Valente,Duración: 9 h y 4 m,https://www.audible.com/es_US/pd/Take-Me-Im-Yours-Audiolibro/B0CZ4PC3VX
The God of Wild Places,Tony Jones,Duración: 6 h y 28 m,https://www.audible.com/es_US/pd/The-God-of-Wild-Places-Audiolibro/B0CZSCJ9VJ
What Did You Do?,Jeneane O'Riley,Duración: 11 h y 40 m,https://www.audible.com/es_US/pd/What-Did-You-Do-Audiolibro/B0CLYQ1HMF
If You Hate Me,Helena Hunting,Duración: 13 h y 14 m,https://www.audible.com/es_US/pd/If-You-Hate-Me-Audiolibro/B0CW3LVN1M
The Bad Weather Friend,Dean Koontz,Duración: 8 h y 42 m,https://www.audible.com/es_US/pd/The-Bad-Weather-Friend-Audiolibro/B0CC6YNDTH
The Boatmen,Jerry Boyd,Duración: 9 h y 3 m,https://www.audible.com/es_US/pd/The-Boatmen-Audiolibro/B0CWWZGTT8
Heir of Fire,Sarah J. Maas,Duración: 17 h y 56 m,https://www.audible.com/es_US/pd/Heir-of-Fire-Audiolibro/B09CHBJYZC
The Poison Pen,Paige Shelton,Duración: 9 h y 20 m,https://www.audible.com/es_US/pd/The-Poison-Pen-Audiolibro/B0CXR76FRR
Listen for the Lie,Amy Tintera,Duración: 9 h y 18 m,https://www.audible.com/es_US/pd/Listen-for-the-Lie-Audiolibro/B0C3PHN7SV
The Housemaid's Secret,Freida McFadden,Duración: 9 h y 44 m,https://www.audible.com/es_US/pd/The-Housemaids-Secret-Audiolibro/B0BSVGL75P
Dark Wire,Joseph Cox,Duración: 9 h,https://www.audible.com/es_US/pd/Dark-Wire-Audiolibro/B0CKNMM86B
Weight Loss Hacks for Women over 40,Kate Right,Duración: 1 h y 16 m,https://www.audible.com/es_US/pd/Weight-Loss-Hacks-for-Women-over-40-Audiolibro/B0CZVPGZ26
"Harry Potter and the Sorcerer's Stone, Book 1",J.K. Rowling,Duración: 8 h y 18 m,https://www.audible.com/es_US/pd/Harry-Potter-and-the-Sorcerers-Stone-Book-1-Audiolibro/B017V4IM1G
Fierce Obsession,S. Massery,Duración: 9 h y 13 m,https://www.audible.com/es_US/pd/Fierce-Obsession-Audiolibro/B0CZ1YL6WQ
"Thinking, Fast and Slow",Daniel Kahneman,Duración: 20 h y 2 m,https://www.audible.com/es_US/pd/Thinking-Fast-and-Slow-Audiolibro/B005TKKCWC
The Eye of the Bedlam Bride,Matt Dinniman,Duración: 26 h y 46 m,https://www.audible.com/es_US/pd/The-Eye-of-the-Bedlam-Bride-Audiolibro/B0CDXWSS5D
The Fellowship of the Ring,J. R. R. Tolkien,Duración: 19 h y 7 m,https://www.audible.com/es_US/pd/The-Fellowship-of-the-Ring-Audiolibro/B0099RKRTY
Red Rising,Pierce Brown,Duración: 16 h y 12 m,https://www.audible.com/es_US/pd/Red-Rising-Audiolibro/B00I2VWW5U
A Court of Silver Flames (Part 1 of 2) (Dramatized Adaptation),Sarah J. Maas,Duración: 10 h,https://www.audible.com/es_US/pd/A-Court-of-Silver-Flames-Part-1-of-2-Dramatized-Adaptation-Audiolibro/B0CDJDXZPJ
"Chrysalis, Books 1-3",RinoZ,Duración: 54 h y 41 m,https://www.audible.com/es_US/pd/Chrysalis-Books-1-3-Audiolibro/B0CS3XXW7C
The Complete Dark Days Series,Ryan Schow,Duración: 38 h y 55 m,https://www.audible.com/es_US/pd/The-Complete-Dark-Days-Series-Audiolibro/B0CMDCCKVV
Productize,Eisha Armstrong,Duración: 4 h y 35 m,https://www.audible.com/es_US/pd/Productize-Audiolibro/B0CZM3KSDF
"Harry Potter and the Goblet of Fire, Book 4",J.K. Rowling,Duración: 20 h y 36 m,https://www.audible.com/es_US/pd/Harry-Potter-and-the-Goblet-of-Fire-Book-4-Audiolibro/B017V4NUPO
"Harry Potter and the Order of the Phoenix, Book 5",J.K. Rowling,Duración: 26 h y 28 m,https://www.audible.com/es_US/pd/Harry-Potter-and-the-Order-of-the-Phoenix-Book-5-Audiolibro/B017V4NMX4
Tempting Promises,Corinne Michaels,Duración: 9 h y 32 m,https://www.audible.com/es_US/pd/Tempting-Promises-Audiolibro/B0CV1B745F
A Dance with Dragons,George R.R. Martin,Duración: 48 h y 55 m,https://www.audible.com/es_US/pd/A-Dance-with-Dragons-Audiolibro/B0057POQJE
The Endarkened,Franklin Horton,Duración: 9 h y 42 m,https://www.audible.com/es_US/pd/The-Endarkened-Audiolibro/B0CW1ZLBLQ
Heretics of Dune,Frank Herbert,Duración: 18 h y 4 m,https://www.audible.com/es_US/pd/Heretics-of-Dune-Audiolibro/B002V1CA2M
The Legend of Randidly Ghosthound 6: A LitRPG Adventure,Noret Flood,Duración: 26 h y 6 m,https://www.audible.com/es_US/pd/The-Legend-of-Randidly-Ghosthound-6-A-LitRPG-Adventure-Audiolibro/B0CR4HYSR7
How to ADHD,Jessica McCabe,Duración: 8 h y 58 m,https://www.audible.com/es_US/pd/How-to-ADHD-Audiolibro/B0C4BWHZCS
This Could Be Us,Kennedy Ryan,Duración: 12 h y 20 m,https://www.audible.com/es_US/pd/This-Could-Be-Us-Audiolibro/B0CBNCV1FS
All the Skills 3: A Deck-Building LitRPG,Honour Rae,Duración: 15 h y 22 m,https://www.audible.com/es_US/pd/All-the-Skills-3-A-Deck-Building-LitRPG-Audiolibro/B0CQ97PNCJ
Netherworld Manor,Kay W. Williams,Duración: 23 h y 52 m,https://www.audible.com/es_US/pd/Netherworld-Manor-Audiolibro/B0CZBF9357
"Shōgun, Part Two",James Clavell,Duración: 29 h y 16 m,https://www.audible.com/es_US/pd/Shogun-Part-Two-Audiolibro/B0CPZ1YNZW
The Debt,C.J. Petit,Duración: 10 h y 18 m,https://www.audible.com/es_US/pd/The-Debt-Audiolibro/B0CZN4KWCK
Odyssey,Stephen Fry,Duración: 15 h,https://www.audible.com/es_US/pd/Odyssey-Audiolibro/B0CZP95KF2
The Protocol,Shawn Chesser,Duración: 10 h y 26 m,https://www.audible.com/es_US/pd/The-Protocol-Audiolibro/B0CZPM716W
City in Ruins,Don Winslow,Duración: 8 h y 57 m,https://www.audible.com/es_US/pd/City-in-Ruins-Audiolibro/B0C92C377S
He Who Fights with Monsters 5,Shirtaloon,Duración: 20 h y 5 m,https://www.audible.com/es_US/pd/He-Who-Fights-with-Monsters-5-Audiolibro/B09PSSTFP3
I'm Glad My Mom Died,Jennette McCurdy,Duración: 6 h y 26 m,https://www.audible.com/es_US/pd/Im-Glad-My-Mom-Died-Audiolibro/B09VHWHJS2
The Trackers Series Box Set,Nicholas Sansbury Smith,Duración: 33 h y 59 m,https://www.audible.com/es_US/pd/The-Trackers-Series-Box-Set-Audiolibro/1982605332
The Amish Wife,Gregg Olsen,Duración: 10 h y 10 m,https://www.audible.com/es_US/pd/The-Amish-Wife-Audiolibro/B0CWVW8QRJ
Hábitos atómicos (Español neutro),James Clear,Duración: 9 h y 1 m,https://www.audible.com/es_US/pd/Habitos-atomicos-Espanol-neutro-Audiolibro/6077477206
Iron Flame,Rebecca Yarros,Duración: 28 h y 16 m,https://www.audible.com/es_US/pd/Iron-Flame-Audiolibro/B0C9V5SLQQ
Four Minutes,Jeffrey Wilson,Duración: 10 h y 53 m,https://www.audible.com/es_US/pd/Four-Minutes-Audiolibro/B0CLWHDDZT
Hunting Game,Candice Fox,Duración: 4 h y 31 m,https://www.audible.com/es_US/pd/Hunting-Game-Audiolibro/B0CMJRG8FC
The Primal Hunter 7 - A LitRPG Adventure,Zogarth,Duración: 17 h y 49 m,https://www.audible.com/es_US/pd/The-Primal-Hunter-7-A-LitRPG-Adventure-Audiolibro/B0CLNJQQD7
Daydream,Hannah Grace,Duración: 11 h,https://www.audible.com/es_US/pd/Daydream-Audiolibro/B0CLGW7N6N
Da Big Dakka,Mike Brooks,Duración: 9 h y 25 m,https://www.audible.com/es_US/pd/Da-Big-Dakka-Audiolibro/B0CSRXKN53
The Housemaid,Freida McFadden,Duración: 9 h y 46 m,https://www.audible.com/es_US/pd/The-Housemaid-Audiolibro/B09XRH26TS
Demon Copperhead,Barbara Kingsolver,Duración: 21 h y 3 m,https://www.audible.com/es_US/pd/Demon-Copperhead-Audiolibro/B09QH6P7X4
Sherlock Holmes,Arthur Conan Doyle,Duración: 62 h y 52 m,https://www.audible.com/es_US/pd/Sherlock-Holmes-Audiolibro/B06WLMWF2S
He Who Fights with Monsters 2,Shirtaloon,Duración: 22 h y 1 m,https://www.audible.com/es_US/pd/He-Who-Fights-with-Monsters-2-Audiolibro/1774249162
The Almost Romantic,Lauren Blakely,Duración: 8 h y 7 m,https://www.audible.com/es_US/pd/The-Almost-Romantic-Audiolibro/B0CWHJ7DS4
The Psychology of Money,Morgan Housel,Duración: 5 h y 55 m,https://www.audible.com/es_US/pd/The-Psychology-of-Money-Audiolibro/B08D9TXF3H
Scales of Fate,Shaidan Barnes,Duración: 12 h y 31 m,https://www.audible.com/es_US/ac/Scales-of-Fate-Audiolibro/B0CZ7S988T
Rich Dad Poor Dad: 20th Anniversary Edition,Robert T. Kiyosaki,Duración: 8 h y 22 m,https://www.audible.com/es_US/pd/Rich-Dad-Poor-Dad-20th-Anniversary-Edition-Audiolibro/197869167X
Tower of Dawn,Sarah J. Maas,Duración: 22 h y 39 m,https://www.audible.com/es_US/pd/Tower-of-Dawn-Audiolibro/B0759X8K2X
The Stand,Stephen King,Duración: 47 h y 47 m,https://www.audible.com/es_US/pd/The-Stand-Audiolibro/B0077DEH7A
Memento Mori,Hunter Blain,Duración: 11 h y 19 m,https://www.audible.com/es_US/pd/Memento-Mori-Audiolibro/B0CZ7P25CQ
Checking the Right Box,Nicole Pyland,Duración: 11 h y 21 m,https://www.audible.com/es_US/pd/Checking-the-Right-Box-Audiolibro/B0CXJQ6Z61
Come As You Are: Revised and Updated,Emily Nagoski PhD,Duración: 11 h y 30 m,https://www.audible.com/es_US/pd/Come-As-You-Are-Revised-and-Updated-Audiolibro/1797119265
Solo Command: Star Wars Legends (X-Wing),Aaron Allston,Duración: 14 h,https://www.audible.com/es_US/pd/Solo-Command-Star-Wars-Legends-X-Wing-Audiolibro/B0CXJWVT5M
Practical Potions and Premeditated Murder,Wren Jones,Duración: 7 h y 57 m,https://www.audible.com/es_US/pd/Practical-Potions-and-Premeditated-Murder-Audiolibro/B0CZQGGZKY
The Nightingale,Kristin Hannah,Duración: 17 h y 19 m,https://www.audible.com/es_US/pd/The-Nightingale-Audiolibro/B00NYBQKFQ
Tempted by the Devil,Michelle Heard,Duración: 7 h y 16 m,https://www.audible.com/es_US/pd/Tempted-by-the-Devil-Audiolibro/B0CVR2SQR5
Romantic Comedy (Reese's Book Club),Curtis Sittenfeld,Duración: 9 h y 5 m,https://www.audible.com/es_US/pd/Romantic-Comedy-Reeses-Book-Club-Audiolibro/B0BH9B76X6
Iron Gold,Pierce Brown,Duración: 23 h y 23 m,https://www.audible.com/es_US/pd/Iron-Gold-Audiolibro/B074NBTRGL
The Final Empire,Brandon Sanderson,Duración: 24 h y 39 m,https://www.audible.com/es_US/pd/The-Final-Empire-Audiolibro/B002V0QCYU
Red Company: Invasion,B.V. Larson,Duración: 9 h y 20 m,https://www.audible.com/es_US/pd/Red-Company-Invasion-Audiolibro/B0CT13SQ42
The Dead Letter Delivery,C.J. Archer,Duración: 7 h y 53 m,https://www.audible.com/es_US/pd/The-Dead-Letter-Delivery-Audiolibro/B0CXRCFB9D
The Return of the King,J. R. R. Tolkien,Duración: 18 h y 19 m,https://www.audible.com/es_US/pd/The-Return-of-the-King-Audiolibro/B009ABIN72
Spare,Prince Harry The Duke of Sussex,Duración: 15 h y 39 m,https://www.audible.com/es_US/pd/Spare-Audiolibro/B0BJ4X9D2F
A Court of Mist and Fury (Part 1 of 2) (Dramatized Adaptation),Sarah J. Maas,Duración: 8 h y 26 m,https://www.audible.com/es_US/pd/A-Court-of-Mist-and-Fury-Part-1-of-2-Dramatized-Adaptation-Audiolibro/B09YGG792Q
Hercule Poirot: The Complete Short Stories,Agatha Christie,Duración: 35 h y 5 m,https://www.audible.com/es_US/pd/Hercule-Poirot-The-Complete-Short-Stories-Audiolibro/0063066734
The Rise and Fall of the Third Reich,William L. Shirer,Duración: 57 h y 11 m,https://www.audible.com/es_US/pd/The-Rise-and-Fall-of-the-Third-Reich-Audiolibro/B003VWJAPA
We Were the Lucky Ones,Georgia Hunter,Duración: 15 h y 36 m,https://www.audible.com/es_US/pd/We-Were-the-Lucky-Ones-Audiolibro/B01NCRZVOJ
The Complete Age of Embers Series (Books 1-5),Ryan Schow,Duración: 49 h y 14 m,https://www.audible.com/es_US/pd/The-Complete-Age-of-Embers-Series-Books-1-5-Audiolibro/B0B6Q5979R
Freed,E. L. James,Duración: 27 h y 15 m,https://www.audible.com/es_US/pd/Freed-Audiolibro/0593453565
Romancing Mister Bridgerton,Julia Quinn,Duración: 13 h y 17 m,https://www.audible.com/es_US/pd/Romancing-Mister-Bridgerton-Audiolibro/B06Y2GNSLR
The Way of Kings,Brandon Sanderson,Duración: 45 h y 30 m,https://www.audible.com/es_US/pd/The-Way-of-Kings-Audiolibro/B003ZWFO7E
The Last Survivors Box Set,Bobby Adair,Duración: 50 h y 24 m,https://www.audible.com/es_US/pd/The-Last-Survivors-Box-Set-Audiolibro/B07PZXW9L2
Lord of Chaos,Robert Jordan,Duración: 41 h y 32 m,https://www.audible.com/es_US/pd/Lord-of-Chaos-Audiolibro/B002V5BDOE
"Prism Academy Omnibus, Books 1-5",David Burke,Duración: 74 h y 9 m,https://www.audible.com/es_US/pd/Prism-Academy-Omnibus-Books-1-5-Audiolibro/B0CY32BHJT
Sin & Chocolate (Dramatized Adaptation),K.F. Breene,Duración: 7 h y 27 m,https://www.audible.com/es_US/pd/Sin-Chocolate-Dramatized-Adaptation-Audiolibro/B0CZ7KXKKV
Star Wars: Mace Windu: The Glass Abyss,Steven Barnes,Duración: 13 h,https://www.audible.com/es_US/pd/Star-Wars-Mace-Windu-The-Glass-Abyss-Audiolibro/B0CP8N7B84
The Last Olympian,Rick Riordan,Duración: 11 h,https://www.audible.com/es_US/pd/The-Last-Olympian-Audiolibro/B002V0Q4PC
Swing State,Rebecca Gilman,Duración: 1 h y 25 m,https://www.audible.com/es_US/pd/Swing-State-Audiolibro/B0CYMD946S
Unfu*k Yourself,Gary John Bishop,Duración: 3 h y 24 m,https://www.audible.com/es_US/pd/Unfu-k-Yourself-Audiolibro/B0731R4RFX
Volcano Violence,Jasmine Webb,Duración: 6 h y 28 m,https://www.audible.com/es_US/pd/Volcano-Violence-Audiolibro/B0CZ4N64HG
Too Late,Colleen Hoover,Duración: 10 h y 19 m,https://www.audible.com/es_US/pd/Too-Late-Audiolibro/B0C8ZSQ21Q
The Hobbit,J. R. R. Tolkien,Duración: 10 h y 25 m,https://www.audible.com/es_US/pd/The-Hobbit-Audiolibro/1705009050
Catching Fire,Suzanne Collins,Duración: 11 h y 3 m,https://www.audible.com/es_US/pd/Catching-Fire-Audiolibro/1338589016
Outlive,Peter Attia MD,Duración: 17 h y 7 m,https://www.audible.com/es_US/pd/Outlive-Audiolibro/B0B6444XS3
"Days of Want Series, Books 1-7",T. L. Payne,Duración: 43 h y 42 m,https://www.audible.com/es_US/pd/Days-of-Want-Series-Books-1-7-Audiolibro/B0CS6YTGVY
The Gathering,C. J. Tudor,Duración: 10 h y 22 m,https://www.audible.com/es_US/pd/The-Gathering-Audiolibro/B0CDDWK4DX
The Phoenix Initiative: First Missions,Chris Kennedy,Duración: 15 h y 58 m,https://www.audible.com/es_US/pd/The-Phoenix-Initiative-First-Missions-Audiolibro/B0CZMYT243
A Court of Thorns and Roses,Sarah J. Maas,Duración: 16 h y 7 m,https://www.audible.com/es_US/pd/A-Court-of-Thorns-and-Roses-Audiolibro/B00WRHY15Y
Elon Musk,Walter Isaacson,Duración: 20 h y 39 m,https://www.audible.com/es_US/pd/Elon-Musk-Audiolibro/B0BX4SCV1V
Fusion Strategy,Vijay Govindarajan,Duración: 6 h y 34 m,https://www.audible.com/es_US/pd/Fusion-Strategy-Audiolibro/B0CYQZDRMF
Shadow of Hope,Susan Sleeman,Duración: 9 h y 36 m,https://www.audible.com/es_US/pd/Shadow-of-Hope-Audiolibro/B0CZS8K597
Get Better at Anything,Scott H. Young,Duración: 7 h y 42 m,https://www.audible.com/es_US/pd/Get-Better-at-Anything-Audiolibro/B0CF7D2H71
Get It Together,Jesse Watters,Duración: 11 h y 32 m,https://www.audible.com/es_US/pd/Get-It-Together-Audiolibro/B0BT16YY2H
The Keeper Chronicles: The Complete Trilogy,JA Andrews,Duración: 46 h y 32 m,https://www.audible.com/es_US/pd/The-Keeper-Chronicles-The-Complete-Trilogy-Audiolibro/1774244926
"The Tibetan Book of Living and Dying, Revised and Updated Edition",Sogyal Rinpoche,Duración: 20 h y 43 m,https://www.audible.com/es_US/pd/The-Tibetan-Book-of-Living-and-Dying-Revised-and-Updated-Edition-Audiolibro/B0CZFF2ZZS
How to End a Love Story,Yulin Kuang,Duración: 11 h y 6 m,https://www.audible.com/es_US/pd/How-to-End-a-Love-Story-Audiolibro/B0BQ1P6PG4
Inheritance,Christopher Paolini,Duración: 31 h y 17 m,https://www.audible.com/es_US/pd/Inheritance-Audiolibro/B005ZWA2P6
The History of the Ancient World,Susan Wise Bauer,Duración: 26 h y 20 m,https://www.audible.com/es_US/pd/The-History-of-the-Ancient-World-Audiolibro/B00CYNMAIG
The Ritual Effect,Dr. Michael Norton,Duración: 5 h y 33 m,https://www.audible.com/es_US/pd/The-Ritual-Effect-Audiolibro/B0CGBNHBFT
Cómo Dejar de Pensar Demasiado [How to Stop Thinking Too Much],Richard Pezer,Duración: 1 h y 38 m,https://www.audible.com/es_US/pd/Como-Dejar-de-Pensar-Demasiado-How-to-Stop-Thinking-Too-Much-Audiolibro/B0CZMVY562
The Creative Act,Rick Rubin,Duración: 5 h y 45 m,https://www.audible.com/es_US/pd/The-Creative-Act-Audiolibro/B0B3L2T9W5
Redeeming Love,Francine Rivers,Duración: 17 h y 17 m,https://www.audible.com/es_US/pd/Redeeming-Love-Audiolibro/B002V8MG06
Becoming Supernatural,Joe Dispenza,Duración: 14 h y 6 m,https://www.audible.com/es_US/pd/Becoming-Supernatural-Audiolibro/198271297X
The Fellowship of Puzzlemakers,Samuel Burr,Duración: 11 h y 52 m,https://www.audible.com/es_US/pd/The-Fellowship-of-Puzzlemakers-Audiolibro/B0CDD7RRGW
Cozy Witch Mysteries: Special Edition Box Set of 8 Books,Angela Pepper,Duración: 77 h y 20 m,https://www.audible.com/es_US/pd/Cozy-Witch-Mysteries-Special-Edition-Box-Set-of-8-Books-Audiolibro/B0BY3J2WL4
The Fires of Heaven,Robert Jordan,Duración: 36 h y 27 m,https://www.audible.com/es_US/pd/The-Fires-of-Heaven-Audiolibro/B002V0JU3U
Never Split the Difference,Chris Voss,Duración: 8 h y 7 m,https://www.audible.com/es_US/pd/Never-Split-the-Difference-Audiolibro/B01CF5O89G
How to Win Friends & Influence People,Dale Carnegie,Duración: 7 h y 15 m,https://www.audible.com/es_US/pd/How-to-Win-Friends-Influence-People-Audiolibro/B002V5BV96
Dune,Frank Herbert,Duración: 21 h y 2 m,https://www.audible.com/es_US/pd/Dune-Audiolibro/B002V1OF70
Can't Hurt Me,David Goggins,Duración: 13 h y 37 m,https://www.audible.com/es_US/pd/Cant-Hurt-Me-Audiolibro/B07KKMNZCH
The Titan's Curse,Rick Riordan,Duración: 8 h y 48 m,https://www.audible.com/es_US/pd/The-Titans-Curse-Audiolibro/B002UZZDI2
The Revenge Agenda,Saxon James,Duración: 6 h y 41 m,https://www.audible.com/es_US/pd/The-Revenge-Agenda-Audiolibro/B0CY6STMMT
Million-Dollar Habits,Rachel Rodgers,Duración: 2 h y 3 m,https://www.audible.com/es_US/pd/Million-Dollar-Habits-Audiolibro/B0CWVVRBC8
Unravel Me,Becka Mack,Duración: 16 h y 58 m,https://www.audible.com/es_US/pd/Unravel-Me-Audiolibro/B0CQMLY2N7
Remarkably Bright Creatures,Shelby Van Pelt,Duración: 11 h y 16 m,https://www.audible.com/es_US/pd/Remarkably-Bright-Creatures-Audiolibro/B09DTFJ94X
Project Hail Mary,Andy Weir,Duración: 16 h y 10 m,https://www.audible.com/es_US/pd/Project-Hail-Mary-Audiolibro/B08G9PRS1K
Fractured Souls,Neva Altaj,Duración: 7 h y 1 m,https://www.audible.com/es_US/pd/Fractured-Souls-Audiolibro/B0CWMYT7R2
Magical Midlife Awakening,K.F. Breene,Duración: 10 h y 7 m,https://www.audible.com/es_US/pd/Magical-Midlife-Awakening-Audiolibro/B0CVNHBLS7
The Battle of the Labyrinth,Rick Riordan,Duración: 10 h y 31 m,https://www.audible.com/es_US/pd/The-Battle-of-the-Labyrinth-Audiolibro/B002V8L8KU
Hell Divers III: Deliverance,Nicholas Sansbury Smith,Duración: 11 h y 18 m,https://www.audible.com/es_US/pd/Hell-Divers-III-Deliverance-Audiolibro/B079NS2WGZ
The Dragon's Blade Trilogy,Michael R. Miller,Duración: 45 h y 58 m,https://www.audible.com/es_US/pd/The-Dragons-Blade-Trilogy-Audiolibro/B07VVT4LGH
Reaping Fate,Actus,Duración: 15 h y 58 m,https://www.audible.com/es_US/pd/Reaping-Fate-Audiolibro/B0CZ1DGS1T
Canines and Cocktails,Kevin Hearne,Duración: 7 h y 55 m,https://www.audible.com/es_US/pd/Canines-and-Cocktails-Audiolibro/B0CZ1S57KR
Trust Me,Tiffany Patterson,Duración: 12 h y 29 m,https://www.audible.com/es_US/pd/Trust-Me-Audiolibro/B0CXVP9SWK
It's Not Hysteria,Dr. Karen Tang,Duración: 9 h y 40 m,https://www.audible.com/es_US/pd/Its-Not-Hysteria-Audiolibro/B0CHSM2HNL
Dragonfruit,Makiia Lucier,Duración: 8 h y 12 m,https://www.audible.com/es_US/pd/Dragonfruit-Audiolibro/B0CBNK9HQ6
Masters of the Air,Donald L. Miller,Duración: 24 h y 19 m,https://www.audible.com/es_US/pd/Masters-of-the-Air-Audiolibro/B0CKM53R46
Modern Patriarch,Daoist Enigma,Duración: 13 h y 54 m,https://www.audible.com/es_US/pd/Modern-Patriarch-Audiolibro/B0CX9M76P4
The Body Keeps the Score,Bessel A. van der Kolk,Duración: 16 h y 15 m,https://www.audible.com/es_US/pd/The-Body-Keeps-the-Score-Audiolibro/0593412702
What's Your Dream?,Simon Squibb,Duración: Aún no se conoce,https://www.audible.com/es_US/pd/Whats-Your-Dream-Audiolibro/B0CZ9ZHPN6
The Woman in Me,Britney Spears,Duración: 5 h y 31 m,https://www.audible.com/es_US/pd/The-Woman-in-Me-Audiolibro/B0BRBR3VHC
Dead Meat,Nick Clausen,Duración: 38 h y 9 m,https://www.audible.com/es_US/pd/Dead-Meat-Audiolibro/B0BT667JLD
A People's History of the United States,Howard Zinn,Duración: 34 h y 8 m,https://www.audible.com/es_US/pd/A-Peoples-History-of-the-United-States-Audiolibro/B0030H777E
Leveling Up The World,L. Eclaire,Duración: 80 h y 15 m,https://www.audible.com/es_US/pd/Leveling-Up-The-World-Audiolibro/B0CW222J3N
The Power of Going All-In,Brandon Bornancin,Duración: 5 h y 37 m,https://www.audible.com/es_US/pd/The-Power-of-Going-All-In-Audiolibro/B0CXR7SGSH
It Was Always You,Sarah Stephens,Duración: 8 h y 5 m,https://www.audible.com/es_US/pd/It-Was-Always-You-Audiolibro/1004015798
The Mountain Is You,Brianna Wiest,Duración: 5 h y 44 m,https://www.audible.com/es_US/pd/The-Mountain-Is-You-Audiolibro/B09WY6Z8KD
The Dark Tower I,Stephen King,Duración: 7 h y 20 m,https://www.audible.com/es_US/pd/The-Dark-Tower-I-Audiolibro/B019NNU7XE
The Anxious Generation,Jonathan Haidt,Duración: 10 h y 32 m,https://www.audible.com/es_US/pd/The-Anxious-Generation-Audiolibro/B0C9N1WLYL
MeatEater's American History: The Long Hunters (1761-1775),Steven Rinella,Duración: 6 h y 2 m,https://www.audible.com/es_US/pd/MeatEaters-American-History-The-Long-Hunters-1761-1775-Audiolibro/B0CN9MFYSS
No Longer Human,Osamu Dazai,Duración: 4 h y 13 m,https://www.audible.com/es_US/pd/No-Longer-Human-Audiolibro/B0CZ53B28J
Greenlights,Matthew McConaughey,Duración: 6 h y 42 m,https://www.audible.com/es_US/pd/Greenlights-Audiolibro/0593294181
The Keeper Chronicles: The Complete Trilogy,JA Andrews,Duración: 46 h y 32 m,https://www.audible.com/es_US/pd/The-Keeper-Chronicles-The-Complete-Trilogy-Audiolibro/1774244926
"The Tibetan Book of Living and Dying, Revised and Updated Edition",Sogyal Rinpoche,Duración: 20 h y 43 m,https://www.audible.com/es_US/pd/The-Tibetan-Book-of-Living-and-Dying-Revised-and-Updated-Edition-Audiolibro/B0CZFF2ZZS
How to End a Love Story,Yulin Kuang,Duración: 11 h y 6 m,https://www.audible.com/es_US/pd/How-to-End-a-Love-Story-Audiolibro/B0BQ1P6PG4
Inheritance,Christopher Paolini,Duración: 31 h y 17 m,https://www.audible.com/es_US/pd/Inheritance-Audiolibro/B005ZWA2P6
The History of the Ancient World,Susan Wise Bauer,Duración: 26 h y 20 m,https://www.audible.com/es_US/pd/The-History-of-the-Ancient-World-Audiolibro/B00CYNMAIG
The Ritual Effect,Dr. Michael Norton,Duración: 5 h y 33 m,https://www.audible.com/es_US/pd/The-Ritual-Effect-Audiolibro/B0CGBNHBFT
Cómo Dejar de Pensar Demasiado [How to Stop Thinking Too Much],Richard Pezer,Duración: 1 h y 38 m,https://www.audible.com/es_US/pd/Como-Dejar-de-Pensar-Demasiado-How-to-Stop-Thinking-Too-Much-Audiolibro/B0CZMVY562
The Creative Act,Rick Rubin,Duración: 5 h y 45 m,https://www.audible.com/es_US/pd/The-Creative-Act-Audiolibro/B0B3L2T9W5
Redeeming Love,Francine Rivers,Duración: 17 h y 17 m,https://www.audible.com/es_US/pd/Redeeming-Love-Audiolibro/B002V8MG06
Becoming Supernatural,Joe Dispenza,Duración: 14 h y 6 m,https://www.audible.com/es_US/pd/Becoming-Supernatural-Audiolibro/198271297X
The Fellowship of Puzzlemakers,Samuel Burr,Duración: 11 h y 52 m,https://www.audible.com/es_US/pd/The-Fellowship-of-Puzzlemakers-Audiolibro/B0CDD7RRGW
Leveling Up The World,L. Eclaire,Duración: 80 h y 15 m,https://www.audible.com/es_US/pd/Leveling-Up-The-World-Audiolibro/B0CW222J3N
The Power of Going All-In,Brandon Bornancin,Duración: 5 h y 37 m,https://www.audible.com/es_US/pd/The-Power-of-Going-All-In-Audiolibro/B0CXR7SGSH
It Was Always You,Sarah Stephens,Duración: 8 h y 5 m,https://www.audible.com/es_US/pd/It-Was-Always-You-Audiolibro/1004015798
The Mountain Is You,Brianna Wiest,Duración: 5 h y 44 m,https://www.audible.com/es_US/pd/The-Mountain-Is-You-Audiolibro/B09WY6Z8KD
The Dark Tower I,Stephen King,Duración: 7 h y 20 m,https://www.audible.com/es_US/pd/The-Dark-Tower-I-Audiolibro/B019NNU7XE
The Anxious Generation,Jonathan Haidt,Duración: 10 h y 32 m,https://www.audible.com/es_US/pd/The-Anxious-Generation-Audiolibro/B0C9N1WLYL
MeatEater's American History: The Long Hunters (1761-1775),Steven Rinella,Duración: 6 h y 2 m,https://www.audible.com/es_US/pd/MeatEaters-American-History-The-Long-Hunters-1761-1775-Audiolibro/B0CN9MFYSS
No Longer Human,Osamu Dazai,Duración: 4 h y 13 m,https://www.audible.com/es_US/pd/No-Longer-Human-Audiolibro/B0CZ53B28J
Greenlights,Matthew McConaughey,Duración: 6 h y 42 m,https://www.audible.com/es_US/pd/Greenlights-Audiolibro/0593294181
The Keeper Chronicles: The Complete Trilogy,JA Andrews,Duración: 46 h y 32 m,https://www.audible.com/es_US/pd/The-Keeper-Chronicles-The-Complete-Trilogy-Audiolibro/1774244926
"The Tibetan Book of Living and Dying, Revised and Updated Edition",Sogyal Rinpoche,Duración: 20 h y 43 m,https://www.audible.com/es_US/pd/The-Tibetan-Book-of-Living-and-Dying-Revised-and-Updated-Edition-Audiolibro/B0CZFF2ZZS
How to End a Love Story,Yulin Kuang,Duración: 11 h y 6 m,https://www.audible.com/es_US/pd/How-to-End-a-Love-Story-Audiolibro/B0BQ1P6PG4
Inheritance,Christopher Paolini,Duración: 31 h y 17 m,https://www.audible.com/es_US/pd/Inheritance-Audiolibro/B005ZWA2P6
The History of the Ancient World,Susan Wise Bauer,Duración: 26 h y 20 m,https://www.audible.com/es_US/pd/The-History-of-the-Ancient-World-Audiolibro/B00CYNMAIG
The Ritual Effect,Dr. Michael Norton,Duración: 5 h y 33 m,https://www.audible.com/es_US/pd/The-Ritual-Effect-Audiolibro/B0CGBNHBFT
Cómo Dejar de Pensar Demasiado [How to Stop Thinking Too Much],Richard Pezer,Duración: 1 h y 38 m,https://www.audible.com/es_US/pd/Como-Dejar-de-Pensar-Demasiado-How-to-Stop-Thinking-Too-Much-Audiolibro/B0CZMVY562
The Creative Act,Rick Rubin,Duración: 5 h y 45 m,https://www.audible.com/es_US/pd/The-Creative-Act-Audiolibro/B0B3L2T9W5
Redeeming Love,Francine Rivers,Duración: 17 h y 17 m,https://www.audible.com/es_US/pd/Redeeming-Love-Audiolibro/B002V8MG06
Becoming Supernatural,Joe Dispenza,Duración: 14 h y 6 m,https://www.audible.com/es_US/pd/Becoming-Supernatural-Audiolibro/198271297X
The Fellowship of Puzzlemakers,Samuel Burr,Duración: 11 h y 52 m,https://www.audible.com/es_US/pd/The-Fellowship-of-Puzzlemakers-Audiolibro/B0CDD7RRGW
