precio,descripcion,ubicacion
"₹ 10,00,000","Newly established cafe/hotel for sale, can be started immediately","MATHIKERE, BENGALURU"
"₹ 4,70,000","Honda Amaze 2013-2016 E i-Dtech, 2013, Diesel","RAMALINGAM COLONY, COIMBATORE"
"₹ 18,499",Best offer iPhone 12 128gb with bill box and all accessories on cod.,"SAMUDRAPUR, MAHARASHTRA"
"₹ 19,999",Exciting models of iphone refurbished with accessories & warranty,"SAMUDRAPUR MIDC, MAHARASHTRA"
"₹ 4,99,000","Chevrolet Cruze 2010-2011 LTZ AT, 2010, Diesel","KASTURBA ROAD, BENGALURU"
"₹ 5,50,000",Hyundai New Santro 2020 CNG & Hybrids Good Condition,"MANDVI, MUMBAI"
"₹ 2,499",We have new latest collection actv 2 model available order now,"SAMUDRAPUR, MAHARASHTRA"
"₹ 3,500",RD6 LED projector 3d 4k wifi smart youtube live tv usb hdmi 154 inchs,"SAMUDRAPUR, MAHARASHTRA"
"₹ 35,00,000",2 acres of land near of tadoba forest,"SAMUDRAPUR, MAHARASHTRA"
"₹ 1,999",Airtunes Pro 2: unleash your sound USA,"SAMUDRAPUR, MAHARASHTRA"
"₹ 28,00,000",Farm land with poultry setup,"SAMUDRAPUR, MAHARASHTRA"
"₹ 10,600",Watch Live TV IPL A BIG Screen Short throw Android 10. DLP Projector,"SAMUDRAPUR, MAHARASHTRA"
"₹ 1,000",New Trandy Combo OFFER Shirts for Mens (Pack of 4) HOME DELIVERY COD,"SAMUDRAPUR, MAHARASHTRA"
"₹ 3,500",RD5 projector 3D 4K wifi smart youtube live tv usb hdmi 145 inch size,"SAMUDRAPUR, MAHARASHTRA"
₹ 750,New OFFER Men Running Sportswear Tracksuit For Men HOME DELIVERY COD,"SAMUDRAPUR, MAHARASHTRA"
"₹ 95,000",Sony a6400 camera,"SAMUDRAPUR, MAHARASHTRA"
"₹ 1,700",Antique maritime victoria Pocket watch london 1915 With leather case,"SAMUDRAPUR, MAHARASHTRA"
"₹ 15,600",WATCH LIVE TV IPL A BIG SCREEN 4K 3D 6500LM Android 9.0 Smart Full HD,"SAMUDRAPUR, MAHARASHTRA"
"₹ 3,000",Nautical Bras Antique Working functional item decore gift collection,"SAMUDRAPUR, MAHARASHTRA"
"₹ 4,999",Low Price Best Home Cinema Wifi Smart HD LED Projector USB HDMI SD AUX,"SAMUDRAPUR, MAHARASHTRA"
"₹ 10,000",PG FOR BOY'S ONLY,"SECTOR 22, GURGAON"
"₹ 65,00,000",ಸಂಕಾಪುರ ಗ್ರಾಮ,"SS PURAM, TUMAKURU"
"₹ 19,500",Best offer iPhone 13 128gb with bill box and all accessories on cod.,"SAMUDRAPUR, MAHARASHTRA"
"₹ 24,999",IPhone 14 Pro 128gb with one year warranty bill box available,"SAMUDRAPUR, MAHARASHTRA"
"₹ 4,71,000","Maruti Suzuki Wagon R VXI 1.2, 2019, Petrol","RANCHI, JHARKHAND"
"₹ 39,50,000",Ha commercial Plot Vikne ahe,"SAMUDRAPUR, MAHARASHTRA"
"₹ 10,600",Watch Live TV 2024 IPL A Big Screen Short throw Android LED Projector,"SAMUDRAPUR, MAHARASHTRA"
"₹ 18,00,000",Polt available for sale,"SANT TUKDOJI WARD, HINGANGHAT"
"₹ 22,600","7500LM New Arrival 3D Android WI-FI,BT 4K LED Projector 4D Correction","SAMUDRAPUR, MAHARASHTRA"
"₹ 9,000",2 bhk house for rent,"GAUTAM WARD, HINGANGHAT"
"₹ 3,599",led projector shop 4k 3d all projector wifi mcast usb android models,"SAMUDRAPUR, MAHARASHTRA"
"₹ 30,000","East India Company 1818 Functial Coin,copper plate, Chambu, more items","SAMUDRAPUR, MAHARASHTRA"
"₹ 3,560",RDD5 3D 4K projector wifi smart youtube live tv usb hdmi 155 inch size,"SAMUDRAPUR, MAHARASHTRA"
"₹ 30,000","East India Company 1818 Functial Coin,copper plate, Chambu, more items","SAMUDRAPUR, MAHARASHTRA"
"₹ 16,500",8K Omex Xnano Android 9.0 Dolby Audio 2.4G/5G WiFi BT 5.0 Projector,"SAMUDRAPUR, MAHARASHTRA"
"₹ 5,500",Brass Copper Roman Soilder Chess Wooden Board Premium,"SAMUDRAPUR, MAHARASHTRA"
"₹ 2,000",We have new latest collection activ 2 order now,"SAMUDRAPUR, MAHARASHTRA"
₹ 599,Boys kurta payjama Pathani set,"SAMUDRAPUR, MAHARASHTRA"
"₹ 28,000",Double door brand condition fridge,"HINGANGHAT MIDC, MAHARASHTRA"
"₹ 2,80,000","Maruti Suzuki Alto 800 LXI Opt, 2018, Petrol","KHANDAGIRI, BHUBANESHWAR"
"₹ 7,50,000","Hyundai Creta 1.6 E Plus, 2017, Petrol","NOIDA EXTENSION, NOIDA"
"₹ 20,000",IPHONE 14 (128GB VARIENT URGENT SELLING,"SAMUDRAPUR, MAHARASHTRA"
"₹ 23,000",Buy refurbished iphone models with amazing festive deals and offers,"SAMUDRAPUR, MAHARASHTRA"
"₹ 5,15,000",Honda City 2016 Diesel Good Condition,"KODINHI, NANNAMBRA"
"₹ 6,00,000",Renault Triber 2020 Petrol Good Condition,"THIRUNAGAR, MADURAI"
"₹ 25,00,000","My flot in shahalangdi mouja plot no 16,17there r two plot ,hinganghat","RAM NAGAR WARD, HINGANGHAT"
"₹ 28,000",28000 me 2 sal purana fridge,"HINGANGHAT MIDC, MAHARASHTRA"
"₹ 35,00,000",Sant Tukdoji ward hinganghat,"SANT TUKDOJI WARD, HINGANGHAT"
"₹ 2,380","LG SEMI AUTOMATIC WASHING MACHINE (hinganghat,Maharashtra)","RAM NAGAR WARD, HINGANGHAT"
"₹ 16,99,999",Nagpur highway touch ghar bechna hai,"SANT DYNANESWAR WARD, HINGANGHAT"
"₹ 8,499",2 Air Coolers for sale. [1] Duct [2] Dessert,"ABDULLA NAGAR, HINGANGHAT"
"₹ 2,000",We have new latest collection ultra sim watches order now,"SAMUDRAPUR, MAHARASHTRA"
"₹ 12,999","Great Gamers Wholesale Ps2,Ps3,Ps4,Xbox360 All Gaming console","JAIN MANDIR WARD, HINGANGHAT"
"₹ 2,800",Title - Antique Brass Maritime Stand Telescope 1915,"SAMUDRAPUR, MAHARASHTRA"
"₹ 5,000",Iron cooler for sell only at hinganghat can call,"YESHWANT NAGAR, HINGANGHAT"
₹ 999,New Men's (Pack of 3) Shirt OFFER Premium Cotton Full Sleeve Shirt,"SAMUDRAPUR, MAHARASHTRA"
"₹ 9,000",LG 5.2 kg washing machine,"KAZI WARD, HINGANGHAT"
₹ 999,New Trandy Designer Beautiful Embrodery Net Saree Women HOME DELIVERY,"SAMUDRAPUR, MAHARASHTRA"
"₹ 6,613",RD5 3D 4K smart projector wifi mcast youtube live tv usb hdmi 155 size,"GANDHI WARD, HINGANGHAT"
"₹ 20,000",Beautiful luxury house under construction for sale,"PERUNNA, CHANGANACHERI"
"₹ 21,500",iPhone 14 Refurbished on sale very insistent,"SAMUDRAPUR, MAHARASHTRA"
"₹ 22,000",Buy refurbished iphone models with amazing festive deals and offers,"SAMUDRAPUR MIDC, MAHARASHTRA"
"₹ 16,99,999",Nagpur highway touch ghar bechna hai hinganghat call Karo,"SANT DYNANESWAR WARD, HINGANGHAT"
"₹ 12,000",Amazon Alexa Echo show 8 (Gen 1),"SANT DYNANESWAR WARD, HINGANGHAT"
"₹ 34,00,000",Near little Angle school hinganghat,"SANT DYNANESWAR WARD, HINGANGHAT"
"₹ 15,000",WEDDING HD DRONE CAMERA WITH REMOT CONTROL..Y6,"ABDULLA NAGAR, HINGANGHAT"
"₹ 15,000","RENT For. Dr , Medical, Office, ATM","DATTA MANDIR WARD, HINGANGHAT"
"₹ 3,500",Philips Home Theatre 5.1 with bluetooth,"JAGANNATH WARD, HINGANGHAT"
₹ 599,Exclusive hand / finger gripper [ Brand New ],"SAMUDRAPUR, MAHARASHTRA"
"₹ 15,000",Maharaja sofa,"ADARSH NAGAR, HINGANGHAT"
"₹ 1,000",Men's New Trading (Pack OF 4) Combo OFFER Lining Shirts HOME DELIVERY,"SAMUDRAPUR, MAHARASHTRA"
"₹ 2,500","हिंगणघाट, महाराष्ट्र, 3 ceiling fan Crompton, Bajaj","SHAHANGADI, HINGANGHAT"
"₹ 1,999",We have new latest collection ultra sim watches order now,"SAMUDRAPUR, MAHARASHTRA"
"₹ 5,000",TV 21 Samsung good condition,"BHAIMAREN, HINGANGHAT"
"₹ 3,000",Antique Brass Ship with Wooden base Premium heavy quality vintage,"SAMUDRAPUR, MAHARASHTRA"
"₹ 3,900","हिंगणघाट, महाराष्ट्र Exide Inverter Star 650VA new condition","SHAHANGADI, HINGANGHAT"
"₹ 1,00,000",PROPERTIES FOR SALE IN AND AROUND UDUPI TOWN,"MALPE, UDUPI"
