The Breach (2022),https://subslikescript.com/movie/The_Breach-14229154
Justice League: Warworld (2023),https://subslikescript.com/movie/Justice_League_Warworld-27687527
Aval Appadithaan (1978),https://subslikescript.com/movie/Aval_Appadithaan-275205
Kaazhcha (2004),https://subslikescript.com/movie/Kaazhcha-425162
The Inbetweeners (2011),https://subslikescript.com/movie/The_Inbetweeners-1716772
Love Object (2003),https://subslikescript.com/movie/Love_Object-328077
May-December-January (2022),https://subslikescript.com/movie/May-December-January-22600514
Kevin Hart: Reality Check (2023),https://subslikescript.com/movie/Kevin_Hart_Reality_Check-28227488
Hama no asahi no usotsukidomo to (2021),https://subslikescript.com/movie/Hama_no_asahi_no_usotsukidomo_to-16979594
Arc (2021),https://subslikescript.com/movie/Arc-14663456
Invisible Waves (2006),https://subslikescript.com/movie/Invisible_Waves-461970
A Night to Remember (1962),https://subslikescript.com/movie/A_Night_to_Remember-241535
JLA Adventures: Trapped in Time (2014),https://subslikescript.com/movie/JLA_Adventures_Trapped_in_Time-3468260
Rollover (1981),https://subslikescript.com/movie/Rollover-83006
Douze heures d'horloge (1959),https://subslikescript.com/movie/Douze_heures_dhorloge-52757
Nipernaadi (1983),https://subslikescript.com/movie/Nipernaadi-239722
Nadodikkattu (1987),https://subslikescript.com/movie/Nadodikkattu-282778
Pattanapravesam (1988),https://subslikescript.com/movie/Pattanapravesam-292174
Akka Thangai (1969),https://subslikescript.com/movie/Akka_Thangai-8908240
Smokin' on the Moon (2017),https://subslikescript.com/movie/Smokin_on_the_Moon-5872258
The Little Vampire 3D (2017),https://subslikescript.com/movie/The_Little_Vampire_3D-4729560
National Theatre Live: Medea (2014),https://subslikescript.com/movie/National_Theatre_Live_Medea-4256612
Blind (2023),https://subslikescript.com/movie/Blind-5316648
Storytelling (2001),https://subslikescript.com/movie/Storytelling-250081
Pookkal Vidum Thoodhu (1983),https://subslikescript.com/movie/Pookkal_Vidum_Thoodhu-8702688
The Play of God (1997),https://subslikescript.com/movie/The_Play_of_God-199669
Chemmeen (1965),https://subslikescript.com/movie/Chemmeen-59028
The Scorpion Monster (2020),https://subslikescript.com/movie/The_Scorpion_Monster-21808438
Chakravyuham: The Trap (2023),https://subslikescript.com/movie/Chakravyuham_The_Trap-27906902
Bewafaa (2005),https://subslikescript.com/movie/Bewafaa-363472
